-- ============================================================
-- SEED DATA (gerado automaticamente)
-- Ordem: funcionarios -> estufas -> bancadas -> lotes -> precos
-- Rode DEPOIS do schema.sql
-- ============================================================

-- 1. FUNCIONARIOS (com tipo + salario_fixo)
INSERT INTO public.funcionarios (id, nome, tipo, salario_fixo) VALUES
  ('04c87891-3ace-4c4d-ba89-18480e48c1aa','Antonio','salario_fixo',4400.0),
  ('a17384d2-d213-422b-a12f-e6ba2c52f934','Bete','salario_fixo',1600.0),
  ('c8ad1cce-b2a6-479a-8bd6-aa54249a132f','Dengo','por_muda',NULL),
  ('63fad81d-99a1-4615-b7d1-08c10153ce57','Diego','por_muda',NULL),
  ('9b12ca89-3fb7-4127-9816-a8342da65622','Fabiano','salario_fixo',2600.0),
  ('8e1e2dd3-3008-4226-9f6f-fe81a000568c','Guessi','por_muda',NULL),
  ('a649a2e3-c2d4-4f99-a634-b332fb8198da','Guilherme','por_muda',NULL),
  ('60e95e7a-1887-4884-b011-6f4c15ca3cf4','Iago','salario_fixo',2400.0),
  ('83a093ca-b3da-45c8-a590-1472457995c4','Jesus','salario_fixo',2800.0),
  ('4fa483ce-094d-4c86-8452-f3ec0f63fcae','José Antonio','por_muda',NULL),
  ('896c63dd-c744-40dd-a518-015c6543ba19','Lucas','salario_fixo',6000.0),
  ('1df9ddae-e75d-4778-8684-5865cb17f68b','Marcelo','salario_fixo',3000.0),
  ('968bb227-5002-4f5d-880f-fc7870c07bb1','Marcos','salario_fixo',2640.0),
  ('0b19cf44-b625-44b4-bfd5-afc55f56161c','Paula','salario_fixo',2100.0),
  ('d2d65211-b520-4618-83d2-4ad8c86c1784','Rafael Pugliani','por_muda',NULL),
  ('26039569-8a8c-44c3-a4de-9d373bffa0d4','Ricardo','por_muda',NULL),
  ('4999e843-e81b-46c7-8d97-b46a702ac81f','Rodrigo Meirelhe','por_muda',NULL),
  ('145bca88-34fa-46de-8b53-7a89d4de1f84','Rodrigo Severino','por_muda',NULL),
  ('6f33dcf4-a64b-4baf-832c-7e9d724ed06a','victor breciano','salario_fixo',2400.0);

-- 2. ESTUFAS (com funcionarios_padrao como array UUID)
INSERT INTO public.estufas (id, nome, sitio, num_bancadas, funcionarios_padrao) VALUES
  ('63924ce6-d56c-490b-af76-1ed99c713d32','Estufa 1','sao_jose',24,ARRAY['4fa483ce-094d-4c86-8452-f3ec0f63fcae'::uuid]::uuid[]),
  ('dccd35ea-ef8e-4bd3-b990-928ff91d3a20','Estufa 2','sao_jose',24,ARRAY['4fa483ce-094d-4c86-8452-f3ec0f63fcae'::uuid]::uuid[]),
  ('51646375-d122-4722-8b25-aa3776380449','Estufa 4','sao_jose',24,ARRAY['a649a2e3-c2d4-4f99-a634-b332fb8198da'::uuid,'4999e843-e81b-46c7-8d97-b46a702ac81f'::uuid]::uuid[]),
  ('59aa7875-19c0-43ce-882e-5bc596bb756b','Estufa 5','sao_jose',24,ARRAY['145bca88-34fa-46de-8b53-7a89d4de1f84'::uuid]::uuid[]),
  ('d2997320-226a-42d1-b96a-507e8b6d24c9','Estufa 6','sao_jose',24,ARRAY['a649a2e3-c2d4-4f99-a634-b332fb8198da'::uuid,'c8ad1cce-b2a6-479a-8bd6-aa54249a132f'::uuid]::uuid[]),
  ('d6b4e4ca-e126-4999-922f-fbaac3e764c8','Santo Antonio - Ricardo','santo_antonio',24,ARRAY['26039569-8a8c-44c3-a4de-9d373bffa0d4'::uuid]::uuid[]),
  ('317ea58b-311e-429b-a5f0-ae83d57f44d3','Santo Antonio - Bloco A','santo_antonio',24,ARRAY['d2d65211-b520-4618-83d2-4ad8c86c1784'::uuid]::uuid[]),
  ('147d9bc7-767d-4417-82d6-a743961b866c','Bela Vista - Andre Rodrigo','bela_vista',24,ARRAY['4999e843-e81b-46c7-8d97-b46a702ac81f'::uuid]::uuid[]),
  ('17de28f8-4a3a-4f00-924f-6b0ae789536d','Bela Vista - Diego Guessi','bela_vista',24,ARRAY['63fad81d-99a1-4615-b7d1-08c10153ce57'::uuid,'8e1e2dd3-3008-4226-9f6f-fe81a000568c'::uuid]::uuid[]);

-- 3. BANCADAS
INSERT INTO public.bancadas (id, estufa_id, numero, funcionario_id) VALUES
  ('c9ba651d-516a-4e05-9532-67f12751c287','63924ce6-d56c-490b-af76-1ed99c713d32','1','4fa483ce-094d-4c86-8452-f3ec0f63fcae'),
  ('46e1b389-00d3-4dbc-9e62-17e43c7a1ebc','63924ce6-d56c-490b-af76-1ed99c713d32','3','4fa483ce-094d-4c86-8452-f3ec0f63fcae'),
  ('9cb03b5d-8652-4cf5-8433-8488f0508ef4','63924ce6-d56c-490b-af76-1ed99c713d32','5','4fa483ce-094d-4c86-8452-f3ec0f63fcae'),
  ('dec221d7-6507-484b-98c9-7671b9bb003f','63924ce6-d56c-490b-af76-1ed99c713d32','6','4fa483ce-094d-4c86-8452-f3ec0f63fcae'),
  ('e0497576-dfb3-46f2-b9e4-e51408a6b64b','63924ce6-d56c-490b-af76-1ed99c713d32','7','4fa483ce-094d-4c86-8452-f3ec0f63fcae'),
  ('d737c5bf-62a0-497e-899c-ddd1aa4ee74d','63924ce6-d56c-490b-af76-1ed99c713d32','8','4fa483ce-094d-4c86-8452-f3ec0f63fcae'),
  ('8743f567-3881-44e6-988b-aefa73d61602','63924ce6-d56c-490b-af76-1ed99c713d32','9','4fa483ce-094d-4c86-8452-f3ec0f63fcae'),
  ('c8f87b51-cc94-4f27-b94b-d43a3965c06b','63924ce6-d56c-490b-af76-1ed99c713d32','10','4fa483ce-094d-4c86-8452-f3ec0f63fcae'),
  ('31bbad49-47b2-4cb7-870b-a251bc4c193f','63924ce6-d56c-490b-af76-1ed99c713d32','12B','4fa483ce-094d-4c86-8452-f3ec0f63fcae'),
  ('5e362d93-6579-4dcb-8820-73e637362595','63924ce6-d56c-490b-af76-1ed99c713d32','13','4fa483ce-094d-4c86-8452-f3ec0f63fcae'),
  ('70d4c269-c1f5-4811-ac70-f6c2de642249','63924ce6-d56c-490b-af76-1ed99c713d32','15','4fa483ce-094d-4c86-8452-f3ec0f63fcae'),
  ('867d0e99-45c1-4415-b048-a5897e26095c','63924ce6-d56c-490b-af76-1ed99c713d32','16','4fa483ce-094d-4c86-8452-f3ec0f63fcae'),
  ('25745c70-eefd-46db-8bcd-3391ba635204','63924ce6-d56c-490b-af76-1ed99c713d32','17','4fa483ce-094d-4c86-8452-f3ec0f63fcae'),
  ('949c713c-b284-44ab-92a1-f9a4df60db6b','63924ce6-d56c-490b-af76-1ed99c713d32','20','4fa483ce-094d-4c86-8452-f3ec0f63fcae'),
  ('f3786e2e-cd7b-43d9-bbe0-cc4e2aca6d2d','63924ce6-d56c-490b-af76-1ed99c713d32','22','4fa483ce-094d-4c86-8452-f3ec0f63fcae'),
  ('a667a909-f531-4b15-9b95-4a53b37afade','63924ce6-d56c-490b-af76-1ed99c713d32','23','4fa483ce-094d-4c86-8452-f3ec0f63fcae'),
  ('42046c36-b8f2-4916-bc7a-ce27b38f8ed8','63924ce6-d56c-490b-af76-1ed99c713d32','24','4fa483ce-094d-4c86-8452-f3ec0f63fcae'),
  ('d4547ba9-6af7-4a17-92be-7045142ff467','63924ce6-d56c-490b-af76-1ed99c713d32','25','4fa483ce-094d-4c86-8452-f3ec0f63fcae'),
  ('abb8b32a-7f40-4fd8-bdc8-a10704ee5134','63924ce6-d56c-490b-af76-1ed99c713d32','26','4fa483ce-094d-4c86-8452-f3ec0f63fcae'),
  ('0fcd8532-09f1-4121-88bf-fe9df3c97c41','63924ce6-d56c-490b-af76-1ed99c713d32','28','4fa483ce-094d-4c86-8452-f3ec0f63fcae'),
  ('df847f82-10bc-41df-8e0d-6a0bb06219b9','dccd35ea-ef8e-4bd3-b990-928ff91d3a20','3','4fa483ce-094d-4c86-8452-f3ec0f63fcae'),
  ('46a2008d-c4a2-4653-b8a4-1344685c80bc','dccd35ea-ef8e-4bd3-b990-928ff91d3a20','4','4fa483ce-094d-4c86-8452-f3ec0f63fcae'),
  ('f8abb0f9-b41f-4335-b47c-9da2081986c9','dccd35ea-ef8e-4bd3-b990-928ff91d3a20','5','4fa483ce-094d-4c86-8452-f3ec0f63fcae'),
  ('c63e3a91-5815-476b-88f3-6906799f9b85','dccd35ea-ef8e-4bd3-b990-928ff91d3a20','8','4fa483ce-094d-4c86-8452-f3ec0f63fcae'),
  ('21f225c1-b889-48cb-b5d2-84df73b4d3c2','dccd35ea-ef8e-4bd3-b990-928ff91d3a20','9','4fa483ce-094d-4c86-8452-f3ec0f63fcae'),
  ('926708ca-0e43-4674-bb03-3b1154424a96','dccd35ea-ef8e-4bd3-b990-928ff91d3a20','10','4fa483ce-094d-4c86-8452-f3ec0f63fcae'),
  ('725e5791-d465-4078-b9bd-60bb6a704d37','dccd35ea-ef8e-4bd3-b990-928ff91d3a20','11','4fa483ce-094d-4c86-8452-f3ec0f63fcae'),
  ('558bc592-0223-4560-92f9-15c5280ace88','dccd35ea-ef8e-4bd3-b990-928ff91d3a20','12','4fa483ce-094d-4c86-8452-f3ec0f63fcae'),
  ('7979157f-d210-47b7-b258-30235eb9ee3f','dccd35ea-ef8e-4bd3-b990-928ff91d3a20','13','4fa483ce-094d-4c86-8452-f3ec0f63fcae'),
  ('7869001d-7bb7-422c-96d4-7279bd61b354','dccd35ea-ef8e-4bd3-b990-928ff91d3a20','15','4fa483ce-094d-4c86-8452-f3ec0f63fcae'),
  ('9c8d842c-cf0f-4e41-b66b-2073a8907e59','dccd35ea-ef8e-4bd3-b990-928ff91d3a20','14','4fa483ce-094d-4c86-8452-f3ec0f63fcae'),
  ('d773faa8-99aa-433e-bc80-2912f2b43206','dccd35ea-ef8e-4bd3-b990-928ff91d3a20','17','4fa483ce-094d-4c86-8452-f3ec0f63fcae'),
  ('a6cf2f2d-89ab-477b-b208-298d26782612','dccd35ea-ef8e-4bd3-b990-928ff91d3a20','18','4fa483ce-094d-4c86-8452-f3ec0f63fcae'),
  ('4225db00-7568-4ae8-81be-a82841208cd3','dccd35ea-ef8e-4bd3-b990-928ff91d3a20','19','4fa483ce-094d-4c86-8452-f3ec0f63fcae'),
  ('c0edde03-0529-4d8c-baf3-32ea4412aa1a','dccd35ea-ef8e-4bd3-b990-928ff91d3a20','20','4fa483ce-094d-4c86-8452-f3ec0f63fcae'),
  ('fbd227a6-552d-40d5-9659-9dcd5d7cac36','dccd35ea-ef8e-4bd3-b990-928ff91d3a20','21','4fa483ce-094d-4c86-8452-f3ec0f63fcae'),
  ('6ff546b3-c26b-4843-9a5b-fd763f86cde0','dccd35ea-ef8e-4bd3-b990-928ff91d3a20','22','4fa483ce-094d-4c86-8452-f3ec0f63fcae'),
  ('ebd91956-8a3b-4488-8a60-e990048329e1','dccd35ea-ef8e-4bd3-b990-928ff91d3a20','23','4fa483ce-094d-4c86-8452-f3ec0f63fcae'),
  ('f657d62b-7696-4505-aff9-fe46122ca9ab','dccd35ea-ef8e-4bd3-b990-928ff91d3a20','24','4fa483ce-094d-4c86-8452-f3ec0f63fcae'),
  ('5c148687-d5f4-4243-b669-67b3fdb173ca','dccd35ea-ef8e-4bd3-b990-928ff91d3a20','25','4fa483ce-094d-4c86-8452-f3ec0f63fcae'),
  ('d76b91e6-a8fa-462b-9b93-1a25befd2d72','dccd35ea-ef8e-4bd3-b990-928ff91d3a20','26','4fa483ce-094d-4c86-8452-f3ec0f63fcae'),
  ('9c925bcc-1581-4d93-98b1-02afed7fda6c','dccd35ea-ef8e-4bd3-b990-928ff91d3a20','27','4fa483ce-094d-4c86-8452-f3ec0f63fcae'),
  ('e6b9b318-d2be-4db1-85ee-c450d94cccc6','51646375-d122-4722-8b25-aa3776380449','1','a649a2e3-c2d4-4f99-a634-b332fb8198da'),
  ('1cf53696-9ef9-413c-a36a-1bd9f626f99b','51646375-d122-4722-8b25-aa3776380449','3','a649a2e3-c2d4-4f99-a634-b332fb8198da'),
  ('3fe25b4a-3248-4814-aae1-84e15f31ff2d','51646375-d122-4722-8b25-aa3776380449','4','a649a2e3-c2d4-4f99-a634-b332fb8198da'),
  ('3ee9e002-c2bd-47a9-95c7-ade25d405845','51646375-d122-4722-8b25-aa3776380449','5','a649a2e3-c2d4-4f99-a634-b332fb8198da'),
  ('0a47c238-4109-4a62-ab29-d26bc5886a8e','51646375-d122-4722-8b25-aa3776380449','7','a649a2e3-c2d4-4f99-a634-b332fb8198da'),
  ('4bf5255a-79a7-41ab-840a-482b10ac2d65','51646375-d122-4722-8b25-aa3776380449','8','a649a2e3-c2d4-4f99-a634-b332fb8198da'),
  ('d53d0fb9-f5c8-4849-bae9-86e34b037bdb','51646375-d122-4722-8b25-aa3776380449','9','a649a2e3-c2d4-4f99-a634-b332fb8198da'),
  ('44cd4aff-939c-4e06-b72b-9e7d7293e4ca','51646375-d122-4722-8b25-aa3776380449','11','a649a2e3-c2d4-4f99-a634-b332fb8198da'),
  ('4a91e67c-4c3f-4eb7-a6a1-08e5130eea89','51646375-d122-4722-8b25-aa3776380449','12','a649a2e3-c2d4-4f99-a634-b332fb8198da'),
  ('559aa885-1de9-4b86-ad12-c7eb6c996504','51646375-d122-4722-8b25-aa3776380449','14','4999e843-e81b-46c7-8d97-b46a702ac81f'),
  ('21f52a7f-7118-44bd-96c7-6e1736ac3280','51646375-d122-4722-8b25-aa3776380449','15','4999e843-e81b-46c7-8d97-b46a702ac81f'),
  ('53cfc52b-87c5-402e-ab15-b550ce1bea91','51646375-d122-4722-8b25-aa3776380449','16','4999e843-e81b-46c7-8d97-b46a702ac81f'),
  ('76403786-3a5b-4caf-b339-beb0d55f9757','51646375-d122-4722-8b25-aa3776380449','17','4999e843-e81b-46c7-8d97-b46a702ac81f'),
  ('2d494a77-30ab-4071-ac47-4d20db71787b','51646375-d122-4722-8b25-aa3776380449','19','4999e843-e81b-46c7-8d97-b46a702ac81f'),
  ('24e06463-6466-473c-aabb-ec9c9b0f5c4c','51646375-d122-4722-8b25-aa3776380449','23B','4999e843-e81b-46c7-8d97-b46a702ac81f'),
  ('0630953e-991d-48d7-95c4-3bee5c578b3d','51646375-d122-4722-8b25-aa3776380449','24','4999e843-e81b-46c7-8d97-b46a702ac81f'),
  ('36b62a0b-d516-4b1f-a0bf-3126f4d17985','51646375-d122-4722-8b25-aa3776380449','26','4999e843-e81b-46c7-8d97-b46a702ac81f'),
  ('c07ef8cc-974e-4835-aa06-d354d65f34b6','51646375-d122-4722-8b25-aa3776380449','27','4999e843-e81b-46c7-8d97-b46a702ac81f'),
  ('d5475ba6-c66d-4602-9bc2-dd3058080bb5','51646375-d122-4722-8b25-aa3776380449','28','a649a2e3-c2d4-4f99-a634-b332fb8198da'),
  ('df952524-0211-4dd7-ae6f-c5cc3d5923f8','51646375-d122-4722-8b25-aa3776380449','29','a649a2e3-c2d4-4f99-a634-b332fb8198da'),
  ('1ade2104-3e83-4344-9aff-e32de3acfba9','51646375-d122-4722-8b25-aa3776380449','30','a649a2e3-c2d4-4f99-a634-b332fb8198da'),
  ('ce692676-1c74-4515-a45a-b16ec8ff75aa','51646375-d122-4722-8b25-aa3776380449','31','a649a2e3-c2d4-4f99-a634-b332fb8198da'),
  ('95ae8f9c-86fa-42cc-a2e8-13fcbeda30c1','51646375-d122-4722-8b25-aa3776380449','32','a649a2e3-c2d4-4f99-a634-b332fb8198da'),
  ('6813a59a-3b49-4f9a-879d-53e33fe44a5a','51646375-d122-4722-8b25-aa3776380449','33','a649a2e3-c2d4-4f99-a634-b332fb8198da'),
  ('f9754380-74ec-4e22-9a0a-d0bc2a1426ba','51646375-d122-4722-8b25-aa3776380449','34','a649a2e3-c2d4-4f99-a634-b332fb8198da'),
  ('75addc48-e4ee-4c80-8276-d8b4530cb6d5','51646375-d122-4722-8b25-aa3776380449','35','a649a2e3-c2d4-4f99-a634-b332fb8198da'),
  ('842b05ca-10c2-4bda-95a0-fea4e5cf124a','51646375-d122-4722-8b25-aa3776380449','36','a649a2e3-c2d4-4f99-a634-b332fb8198da'),
  ('ee082c46-c0f5-4134-9a31-bb443ca5253f','51646375-d122-4722-8b25-aa3776380449','37','a649a2e3-c2d4-4f99-a634-b332fb8198da'),
  ('7f0ef153-a4fa-4e3f-b585-5fb47c52d07e','51646375-d122-4722-8b25-aa3776380449','38','a649a2e3-c2d4-4f99-a634-b332fb8198da'),
  ('2b879f7f-55e7-47b0-a1ee-a984b1dd4b33','51646375-d122-4722-8b25-aa3776380449','39','a649a2e3-c2d4-4f99-a634-b332fb8198da'),
  ('f72a2439-ddbb-47a7-ae7f-06150957b82c','51646375-d122-4722-8b25-aa3776380449','40','a649a2e3-c2d4-4f99-a634-b332fb8198da'),
  ('dcd4ecd4-4043-416a-80f1-ff9085119bc4','59aa7875-19c0-43ce-882e-5bc596bb756b','2B','145bca88-34fa-46de-8b53-7a89d4de1f84'),
  ('d909cfa9-037c-4616-a442-4973650d2fcc','59aa7875-19c0-43ce-882e-5bc596bb756b','2','145bca88-34fa-46de-8b53-7a89d4de1f84'),
  ('4185d420-0df6-42ec-ae6c-6bfe5631c1e2','59aa7875-19c0-43ce-882e-5bc596bb756b','4','145bca88-34fa-46de-8b53-7a89d4de1f84'),
  ('1076c342-5972-4c21-a5b9-5d1f858a795f','59aa7875-19c0-43ce-882e-5bc596bb756b','5','145bca88-34fa-46de-8b53-7a89d4de1f84'),
  ('da907f75-e238-49a1-849c-2bbe0356b401','59aa7875-19c0-43ce-882e-5bc596bb756b','5 b','145bca88-34fa-46de-8b53-7a89d4de1f84'),
  ('db8b0956-24e0-4eb1-88c4-db37c5883bce','59aa7875-19c0-43ce-882e-5bc596bb756b','6','145bca88-34fa-46de-8b53-7a89d4de1f84'),
  ('5a24a4a4-5bbb-43f9-a2fb-03397dba9d11','59aa7875-19c0-43ce-882e-5bc596bb756b','7','145bca88-34fa-46de-8b53-7a89d4de1f84'),
  ('aae66ad9-fb96-4d1d-8634-c97fe800c3cc','59aa7875-19c0-43ce-882e-5bc596bb756b','8','145bca88-34fa-46de-8b53-7a89d4de1f84'),
  ('080916ad-df8b-44a8-91d4-b7784772a6ce','59aa7875-19c0-43ce-882e-5bc596bb756b','9','145bca88-34fa-46de-8b53-7a89d4de1f84'),
  ('e1ce7053-cfb6-4402-8ce9-fc33561e06ed','59aa7875-19c0-43ce-882e-5bc596bb756b','10','145bca88-34fa-46de-8b53-7a89d4de1f84'),
  ('eced2746-0278-4753-b9dd-c0da8d03d7cd','59aa7875-19c0-43ce-882e-5bc596bb756b','11','145bca88-34fa-46de-8b53-7a89d4de1f84'),
  ('c2909fab-d6af-43ee-8c3b-a537291798c5','59aa7875-19c0-43ce-882e-5bc596bb756b','12','145bca88-34fa-46de-8b53-7a89d4de1f84'),
  ('38be3d60-b1c9-4c54-b382-f4b99707addf','59aa7875-19c0-43ce-882e-5bc596bb756b','13','145bca88-34fa-46de-8b53-7a89d4de1f84'),
  ('b285889d-b116-47da-8679-ee4b14b7425b','59aa7875-19c0-43ce-882e-5bc596bb756b','14','145bca88-34fa-46de-8b53-7a89d4de1f84'),
  ('c35ac42c-3ec4-4866-8844-96b720d013b5','59aa7875-19c0-43ce-882e-5bc596bb756b','15','145bca88-34fa-46de-8b53-7a89d4de1f84'),
  ('9d007a2d-557e-4a4d-9652-8f8a49afe54d','59aa7875-19c0-43ce-882e-5bc596bb756b','16','145bca88-34fa-46de-8b53-7a89d4de1f84'),
  ('7b9c5627-5062-47cd-8e24-adaff384cefd','59aa7875-19c0-43ce-882e-5bc596bb756b','17','145bca88-34fa-46de-8b53-7a89d4de1f84'),
  ('5cf8819c-5b74-4f44-a9f9-6124350e0059','59aa7875-19c0-43ce-882e-5bc596bb756b','18','145bca88-34fa-46de-8b53-7a89d4de1f84'),
  ('129c4f84-21bd-4436-97f4-704c7366f488','59aa7875-19c0-43ce-882e-5bc596bb756b','19','145bca88-34fa-46de-8b53-7a89d4de1f84'),
  ('f3b9ad5d-3bff-4b71-898e-89bc2286f7bc','59aa7875-19c0-43ce-882e-5bc596bb756b','20','145bca88-34fa-46de-8b53-7a89d4de1f84'),
  ('3b63ae38-13ca-4688-aac6-584656630d9a','59aa7875-19c0-43ce-882e-5bc596bb756b','21','145bca88-34fa-46de-8b53-7a89d4de1f84'),
  ('c93d2a85-21f8-4c7f-b06c-71fca22e6a38','59aa7875-19c0-43ce-882e-5bc596bb756b','22','145bca88-34fa-46de-8b53-7a89d4de1f84'),
  ('df36e18f-db76-417b-8a0e-23feb2283e58','59aa7875-19c0-43ce-882e-5bc596bb756b','23','145bca88-34fa-46de-8b53-7a89d4de1f84'),
  ('e475be71-bbb6-43e8-a30b-58c6fef67b51','59aa7875-19c0-43ce-882e-5bc596bb756b','24','145bca88-34fa-46de-8b53-7a89d4de1f84'),
  ('b63b1517-ad4b-4ee4-9903-f8575da3a286','59aa7875-19c0-43ce-882e-5bc596bb756b','25','145bca88-34fa-46de-8b53-7a89d4de1f84'),
  ('f7b638de-420b-46aa-8b70-371cf4f9c20f','59aa7875-19c0-43ce-882e-5bc596bb756b','26','145bca88-34fa-46de-8b53-7a89d4de1f84'),
  ('f3e9fff1-2105-45c6-b23f-379781d316ef','59aa7875-19c0-43ce-882e-5bc596bb756b','28','145bca88-34fa-46de-8b53-7a89d4de1f84'),
  ('e668fd40-1f88-4921-a192-cea0f75eb5fc','59aa7875-19c0-43ce-882e-5bc596bb756b','27','145bca88-34fa-46de-8b53-7a89d4de1f84'),
  ('7a8513ea-736b-476d-9256-8b46f8ca9311','59aa7875-19c0-43ce-882e-5bc596bb756b','29','145bca88-34fa-46de-8b53-7a89d4de1f84'),
  ('7b261c77-b140-4aec-84fd-bacb03ebfaee','59aa7875-19c0-43ce-882e-5bc596bb756b','30','145bca88-34fa-46de-8b53-7a89d4de1f84'),
  ('511887a1-e70d-486f-ba0f-9476546a27f3','59aa7875-19c0-43ce-882e-5bc596bb756b','31','145bca88-34fa-46de-8b53-7a89d4de1f84'),
  ('16eceb7e-3996-4eb6-8e62-a0bd7c30d53d','59aa7875-19c0-43ce-882e-5bc596bb756b','32','145bca88-34fa-46de-8b53-7a89d4de1f84'),
  ('5e9dc459-6a30-4a4b-b26a-ac709b1ec23c','59aa7875-19c0-43ce-882e-5bc596bb756b','33','145bca88-34fa-46de-8b53-7a89d4de1f84'),
  ('08a86e93-1748-4b47-b0b7-ddbc8e172cf2','59aa7875-19c0-43ce-882e-5bc596bb756b','34','145bca88-34fa-46de-8b53-7a89d4de1f84'),
  ('0d19efb5-76bd-488d-8b86-b7d777f0eb6c','59aa7875-19c0-43ce-882e-5bc596bb756b','35','145bca88-34fa-46de-8b53-7a89d4de1f84'),
  ('20f02eb7-609b-44b6-af00-fe67c568e363','59aa7875-19c0-43ce-882e-5bc596bb756b','36','145bca88-34fa-46de-8b53-7a89d4de1f84'),
  ('04c013f9-153f-4533-8061-81ff93204f5b','d2997320-226a-42d1-b96a-507e8b6d24c9','1','a649a2e3-c2d4-4f99-a634-b332fb8198da'),
  ('e854603c-0c37-4e87-a8b9-007e70ae5839','d2997320-226a-42d1-b96a-507e8b6d24c9','2 B','a649a2e3-c2d4-4f99-a634-b332fb8198da'),
  ('a2cea132-95cb-4b9e-975d-6f7df8777397','d2997320-226a-42d1-b96a-507e8b6d24c9','2','a649a2e3-c2d4-4f99-a634-b332fb8198da'),
  ('dda93d46-1ae1-4323-ac6d-6e551f0ea5d1','d2997320-226a-42d1-b96a-507e8b6d24c9','5','c8ad1cce-b2a6-479a-8bd6-aa54249a132f'),
  ('e925a26e-79df-4cb5-857f-22c6f4cc401e','d2997320-226a-42d1-b96a-507e8b6d24c9','6','c8ad1cce-b2a6-479a-8bd6-aa54249a132f'),
  ('da9ff777-7fd8-4f55-865e-1d048c3b62c5','d2997320-226a-42d1-b96a-507e8b6d24c9','7','c8ad1cce-b2a6-479a-8bd6-aa54249a132f'),
  ('ae08ae86-c23e-4a44-8cb1-7916b3a91df4','d2997320-226a-42d1-b96a-507e8b6d24c9','8','c8ad1cce-b2a6-479a-8bd6-aa54249a132f'),
  ('0ddf7d5c-68cb-4071-bd91-526e2263f6bd','d2997320-226a-42d1-b96a-507e8b6d24c9','9','c8ad1cce-b2a6-479a-8bd6-aa54249a132f'),
  ('0ca35c99-71a6-4865-8f5f-b8161824650c','d2997320-226a-42d1-b96a-507e8b6d24c9','10','c8ad1cce-b2a6-479a-8bd6-aa54249a132f'),
  ('f73a4147-2ac9-4c56-a05a-658ef59bef2c','d2997320-226a-42d1-b96a-507e8b6d24c9','11','c8ad1cce-b2a6-479a-8bd6-aa54249a132f'),
  ('f719a8dc-7b7a-4432-bb6a-3e5b7feb952c','d2997320-226a-42d1-b96a-507e8b6d24c9','12','c8ad1cce-b2a6-479a-8bd6-aa54249a132f'),
  ('290cbcca-f803-467b-a730-86511acac5ab','d2997320-226a-42d1-b96a-507e8b6d24c9','13','c8ad1cce-b2a6-479a-8bd6-aa54249a132f'),
  ('e54dbf46-86aa-448d-baa2-7f4e97fa1dc9','d2997320-226a-42d1-b96a-507e8b6d24c9','14','c8ad1cce-b2a6-479a-8bd6-aa54249a132f'),
  ('e458ba01-95e8-4fe3-b1ba-6c303c2827d9','d2997320-226a-42d1-b96a-507e8b6d24c9','15','c8ad1cce-b2a6-479a-8bd6-aa54249a132f'),
  ('4eb5acd8-25a6-4cda-8690-febd13c24b38','d2997320-226a-42d1-b96a-507e8b6d24c9','16','c8ad1cce-b2a6-479a-8bd6-aa54249a132f'),
  ('2a641020-6a70-4438-9b69-98edfa048214','d2997320-226a-42d1-b96a-507e8b6d24c9','17','c8ad1cce-b2a6-479a-8bd6-aa54249a132f'),
  ('0e0784a4-a6ab-44f1-b1ca-c471c25215a6','d2997320-226a-42d1-b96a-507e8b6d24c9','18','c8ad1cce-b2a6-479a-8bd6-aa54249a132f'),
  ('3ef4647a-4347-4765-a1c7-e27e72410ff9','d2997320-226a-42d1-b96a-507e8b6d24c9','19','c8ad1cce-b2a6-479a-8bd6-aa54249a132f'),
  ('7d8423fa-9911-4714-8902-982e6386d012','d2997320-226a-42d1-b96a-507e8b6d24c9','20','c8ad1cce-b2a6-479a-8bd6-aa54249a132f'),
  ('50622d6c-7561-49ff-ac44-bf9456889f99','d2997320-226a-42d1-b96a-507e8b6d24c9','21','c8ad1cce-b2a6-479a-8bd6-aa54249a132f'),
  ('cfbcbf64-783d-48ab-89d8-206d9b206e99','d2997320-226a-42d1-b96a-507e8b6d24c9','22','c8ad1cce-b2a6-479a-8bd6-aa54249a132f'),
  ('e017ee4b-f9ad-4bad-a6f0-80f349b47a84','d2997320-226a-42d1-b96a-507e8b6d24c9','26','c8ad1cce-b2a6-479a-8bd6-aa54249a132f'),
  ('f42bb675-f00f-4b5f-a3e5-11736ac289d2','d2997320-226a-42d1-b96a-507e8b6d24c9','27','c8ad1cce-b2a6-479a-8bd6-aa54249a132f'),
  ('49593919-8792-4114-bf8f-6b01705a7a9e','d2997320-226a-42d1-b96a-507e8b6d24c9','28','c8ad1cce-b2a6-479a-8bd6-aa54249a132f'),
  ('84536ea3-299a-4586-ab53-70178e8a372a','d2997320-226a-42d1-b96a-507e8b6d24c9','29','c8ad1cce-b2a6-479a-8bd6-aa54249a132f'),
  ('cb7c69ca-4848-4173-abb8-20cd25a6fbce','d2997320-226a-42d1-b96a-507e8b6d24c9','31','c8ad1cce-b2a6-479a-8bd6-aa54249a132f'),
  ('302bb51e-19ca-467c-8ade-e28c6688d967','d2997320-226a-42d1-b96a-507e8b6d24c9','34','a649a2e3-c2d4-4f99-a634-b332fb8198da'),
  ('e2daa56d-9f06-4d4e-90cd-e8e4416b3b42','d2997320-226a-42d1-b96a-507e8b6d24c9','35','a649a2e3-c2d4-4f99-a634-b332fb8198da'),
  ('c51d945a-8cac-4764-b75e-eb57f980c2b9','d2997320-226a-42d1-b96a-507e8b6d24c9','36','a649a2e3-c2d4-4f99-a634-b332fb8198da'),
  ('9cdfcbdc-b160-4f3d-9b6b-e22f87bb0f10','d6b4e4ca-e126-4999-922f-fbaac3e764c8','1','26039569-8a8c-44c3-a4de-9d373bffa0d4'),
  ('250f52f6-62aa-429c-8dfc-e9e45928537f','d6b4e4ca-e126-4999-922f-fbaac3e764c8','2','26039569-8a8c-44c3-a4de-9d373bffa0d4'),
  ('be61cad1-13d8-444a-a119-329f6719fb5b','d6b4e4ca-e126-4999-922f-fbaac3e764c8','3','26039569-8a8c-44c3-a4de-9d373bffa0d4'),
  ('d3a57f1d-b875-4557-988d-77c859889830','d6b4e4ca-e126-4999-922f-fbaac3e764c8','4','26039569-8a8c-44c3-a4de-9d373bffa0d4'),
  ('d71644a9-5cbb-4b3e-b643-5a605402c64c','d6b4e4ca-e126-4999-922f-fbaac3e764c8','7','26039569-8a8c-44c3-a4de-9d373bffa0d4'),
  ('5802013b-ef57-437b-a9ad-f7d5fa1941d7','d6b4e4ca-e126-4999-922f-fbaac3e764c8','8','26039569-8a8c-44c3-a4de-9d373bffa0d4'),
  ('dcc3f592-c759-4b4f-bddf-07626cb6c150','d6b4e4ca-e126-4999-922f-fbaac3e764c8','9','26039569-8a8c-44c3-a4de-9d373bffa0d4'),
  ('cdd69d68-ea5b-471e-9400-96489f69ab8b','d6b4e4ca-e126-4999-922f-fbaac3e764c8','10','26039569-8a8c-44c3-a4de-9d373bffa0d4'),
  ('28043b1e-c794-4b65-ab82-53261956a152','d6b4e4ca-e126-4999-922f-fbaac3e764c8','11','26039569-8a8c-44c3-a4de-9d373bffa0d4'),
  ('0f281d9a-5fb4-4b58-aa86-682a7ed621b5','d6b4e4ca-e126-4999-922f-fbaac3e764c8','12','26039569-8a8c-44c3-a4de-9d373bffa0d4'),
  ('ac0535aa-9490-426c-ab0d-82fee59efe89','d6b4e4ca-e126-4999-922f-fbaac3e764c8','15','26039569-8a8c-44c3-a4de-9d373bffa0d4'),
  ('48956ad6-eafa-4bf3-82fa-e23cbceb6e53','d6b4e4ca-e126-4999-922f-fbaac3e764c8','16','26039569-8a8c-44c3-a4de-9d373bffa0d4'),
  ('16914062-45da-4df6-a763-e6030c49cf76','d6b4e4ca-e126-4999-922f-fbaac3e764c8','17','26039569-8a8c-44c3-a4de-9d373bffa0d4'),
  ('7538c020-87de-4fed-97dd-34cdd4962574','d6b4e4ca-e126-4999-922f-fbaac3e764c8','18','26039569-8a8c-44c3-a4de-9d373bffa0d4'),
  ('77cf022d-7301-4fd8-9c50-2f9028f515f5','d6b4e4ca-e126-4999-922f-fbaac3e764c8','19','26039569-8a8c-44c3-a4de-9d373bffa0d4'),
  ('31868535-f6eb-4aac-a5d5-62dea76f555e','d6b4e4ca-e126-4999-922f-fbaac3e764c8','20','26039569-8a8c-44c3-a4de-9d373bffa0d4'),
  ('f55ddfbb-4208-4283-b802-93b105aa0fcc','d6b4e4ca-e126-4999-922f-fbaac3e764c8','21','26039569-8a8c-44c3-a4de-9d373bffa0d4'),
  ('a243cf58-4ff8-465c-8f3e-601c2d202531','d6b4e4ca-e126-4999-922f-fbaac3e764c8','22','26039569-8a8c-44c3-a4de-9d373bffa0d4'),
  ('471d25dc-b0d7-4187-bbde-3307a27c04b2','d6b4e4ca-e126-4999-922f-fbaac3e764c8','23','26039569-8a8c-44c3-a4de-9d373bffa0d4'),
  ('4bb140bf-c3ea-4bce-a638-32c6a9ae9c9e','d6b4e4ca-e126-4999-922f-fbaac3e764c8','24','26039569-8a8c-44c3-a4de-9d373bffa0d4'),
  ('518c8ab3-f407-449a-bdbb-3abd3d30b597','d6b4e4ca-e126-4999-922f-fbaac3e764c8','25','26039569-8a8c-44c3-a4de-9d373bffa0d4'),
  ('11bf5efd-d85f-45d7-af1c-3cd567898f77','d6b4e4ca-e126-4999-922f-fbaac3e764c8','26','26039569-8a8c-44c3-a4de-9d373bffa0d4'),
  ('2b1ea9ce-9258-45fd-a111-3f28a0cf3692','d6b4e4ca-e126-4999-922f-fbaac3e764c8','27','26039569-8a8c-44c3-a4de-9d373bffa0d4'),
  ('597ef66c-87f6-455e-9678-6e00604ecd4c','d6b4e4ca-e126-4999-922f-fbaac3e764c8','28','26039569-8a8c-44c3-a4de-9d373bffa0d4'),
  ('28051d7e-d72d-4f8e-832d-dfdce4e5899c','d6b4e4ca-e126-4999-922f-fbaac3e764c8','29','26039569-8a8c-44c3-a4de-9d373bffa0d4'),
  ('6f02a147-0b1a-447c-ae5e-f28c6b0cf673','d6b4e4ca-e126-4999-922f-fbaac3e764c8','30','26039569-8a8c-44c3-a4de-9d373bffa0d4'),
  ('e4dacc59-1f81-4759-8114-a7e7b75ab0ec','317ea58b-311e-429b-a5f0-ae83d57f44d3','1','d2d65211-b520-4618-83d2-4ad8c86c1784'),
  ('40841c07-7d50-4b58-96c4-0daf2d597d47','317ea58b-311e-429b-a5f0-ae83d57f44d3','2','d2d65211-b520-4618-83d2-4ad8c86c1784'),
  ('1eb7cb73-0487-4627-9e70-323714293c65','317ea58b-311e-429b-a5f0-ae83d57f44d3','3','d2d65211-b520-4618-83d2-4ad8c86c1784'),
  ('2635246d-fa09-4440-9c39-409fae15d0a7','317ea58b-311e-429b-a5f0-ae83d57f44d3','4','d2d65211-b520-4618-83d2-4ad8c86c1784'),
  ('86f7769c-cad8-4607-88f5-1088f14ba4a4','317ea58b-311e-429b-a5f0-ae83d57f44d3','5','d2d65211-b520-4618-83d2-4ad8c86c1784'),
  ('a40d24db-95a1-46dd-ad4c-4b5d3cdd393b','317ea58b-311e-429b-a5f0-ae83d57f44d3','6','d2d65211-b520-4618-83d2-4ad8c86c1784'),
  ('4c1aa67a-4c97-4790-a539-b3e1a54cadfb','317ea58b-311e-429b-a5f0-ae83d57f44d3','7','d2d65211-b520-4618-83d2-4ad8c86c1784'),
  ('a36e7d14-d347-4874-8a1c-3c5722842087','317ea58b-311e-429b-a5f0-ae83d57f44d3','8','d2d65211-b520-4618-83d2-4ad8c86c1784'),
  ('f8a144bb-4eeb-4003-8838-dfa58affcd43','317ea58b-311e-429b-a5f0-ae83d57f44d3','9','d2d65211-b520-4618-83d2-4ad8c86c1784'),
  ('905c754b-9220-4846-9b58-dc0b580eeba4','317ea58b-311e-429b-a5f0-ae83d57f44d3','10','d2d65211-b520-4618-83d2-4ad8c86c1784'),
  ('7f0d4c0b-5aff-4aee-8347-a767fe964624','317ea58b-311e-429b-a5f0-ae83d57f44d3','11','d2d65211-b520-4618-83d2-4ad8c86c1784'),
  ('9fd025a5-271e-4480-a7e7-8091a59ba0cc','317ea58b-311e-429b-a5f0-ae83d57f44d3','12','d2d65211-b520-4618-83d2-4ad8c86c1784'),
  ('05de0fc7-c944-49de-b6c2-34e80ec51dad','317ea58b-311e-429b-a5f0-ae83d57f44d3','13','d2d65211-b520-4618-83d2-4ad8c86c1784'),
  ('ea5a13eb-58b5-469f-9a41-9d2f47103894','317ea58b-311e-429b-a5f0-ae83d57f44d3','14','d2d65211-b520-4618-83d2-4ad8c86c1784'),
  ('1e9d61eb-fb33-497d-9169-5a57300b020f','317ea58b-311e-429b-a5f0-ae83d57f44d3','15','d2d65211-b520-4618-83d2-4ad8c86c1784'),
  ('019e82b7-e2c1-4560-b457-486a95bbe0ae','317ea58b-311e-429b-a5f0-ae83d57f44d3','16','d2d65211-b520-4618-83d2-4ad8c86c1784'),
  ('af835d77-1fc3-4f11-a8c8-db962493e21e','317ea58b-311e-429b-a5f0-ae83d57f44d3','17','d2d65211-b520-4618-83d2-4ad8c86c1784'),
  ('53bbeb15-47a0-44c4-a60c-ebdecca4d3e5','317ea58b-311e-429b-a5f0-ae83d57f44d3','18','d2d65211-b520-4618-83d2-4ad8c86c1784'),
  ('749f669c-ab91-4a68-88c5-0c5b02f04d04','317ea58b-311e-429b-a5f0-ae83d57f44d3','19','d2d65211-b520-4618-83d2-4ad8c86c1784'),
  ('bfa88815-5412-497f-ad18-3f83251edd7f','317ea58b-311e-429b-a5f0-ae83d57f44d3','20','d2d65211-b520-4618-83d2-4ad8c86c1784'),
  ('b4df07fc-1c81-4f1f-9b45-f18495742790','317ea58b-311e-429b-a5f0-ae83d57f44d3','21','d2d65211-b520-4618-83d2-4ad8c86c1784'),
  ('cc9e3409-916d-448d-ad51-c37e35307139','317ea58b-311e-429b-a5f0-ae83d57f44d3','22','d2d65211-b520-4618-83d2-4ad8c86c1784'),
  ('c94ae915-ee37-41b2-842d-488291cebdcc','317ea58b-311e-429b-a5f0-ae83d57f44d3','23','d2d65211-b520-4618-83d2-4ad8c86c1784'),
  ('bbbced09-3ace-4877-92f5-abd460dcddac','317ea58b-311e-429b-a5f0-ae83d57f44d3','24','d2d65211-b520-4618-83d2-4ad8c86c1784'),
  ('c4de6d7b-d126-4db1-a192-d86172ac8799','317ea58b-311e-429b-a5f0-ae83d57f44d3','25','d2d65211-b520-4618-83d2-4ad8c86c1784'),
  ('fbe7f6d2-9524-4cc6-8326-709065de7ac6','317ea58b-311e-429b-a5f0-ae83d57f44d3','26','d2d65211-b520-4618-83d2-4ad8c86c1784'),
  ('2740d925-ad49-401a-978b-1ba3baf2d8f3','317ea58b-311e-429b-a5f0-ae83d57f44d3','27','d2d65211-b520-4618-83d2-4ad8c86c1784'),
  ('f062b4d4-6651-4444-b2c8-b27276eecab2','317ea58b-311e-429b-a5f0-ae83d57f44d3','28','d2d65211-b520-4618-83d2-4ad8c86c1784'),
  ('4cab9fa7-1de5-41cc-a06c-e451eefe102f','317ea58b-311e-429b-a5f0-ae83d57f44d3','29','d2d65211-b520-4618-83d2-4ad8c86c1784'),
  ('cf22d64f-78a4-494e-bf54-599a65f516d2','317ea58b-311e-429b-a5f0-ae83d57f44d3','30','d2d65211-b520-4618-83d2-4ad8c86c1784'),
  ('824611c6-5ac6-4e9b-9671-7cea1ebcc34c','317ea58b-311e-429b-a5f0-ae83d57f44d3','31','d2d65211-b520-4618-83d2-4ad8c86c1784'),
  ('3b0d25e9-959f-45d0-bd5a-e348e139346c','317ea58b-311e-429b-a5f0-ae83d57f44d3','32','d2d65211-b520-4618-83d2-4ad8c86c1784'),
  ('770a9ced-a1da-4789-abb8-fb9373a00e63','317ea58b-311e-429b-a5f0-ae83d57f44d3','33','d2d65211-b520-4618-83d2-4ad8c86c1784'),
  ('a542a95a-3795-43ad-bdca-710679cff234','317ea58b-311e-429b-a5f0-ae83d57f44d3','34','d2d65211-b520-4618-83d2-4ad8c86c1784'),
  ('b61a926b-77c5-4137-abef-a0a0ab9bf612','317ea58b-311e-429b-a5f0-ae83d57f44d3','35','d2d65211-b520-4618-83d2-4ad8c86c1784'),
  ('f087f558-4369-4ef6-be9c-cf04b2c5bc82','317ea58b-311e-429b-a5f0-ae83d57f44d3','36','d2d65211-b520-4618-83d2-4ad8c86c1784'),
  ('0096481f-09e3-4646-a5ba-b207034807a5','317ea58b-311e-429b-a5f0-ae83d57f44d3','37','d2d65211-b520-4618-83d2-4ad8c86c1784'),
  ('cec01379-fc19-480e-b38f-8e8ececfa01d','317ea58b-311e-429b-a5f0-ae83d57f44d3','38','d2d65211-b520-4618-83d2-4ad8c86c1784'),
  ('df4a1037-ca17-46d4-a9b1-f635667a28db','317ea58b-311e-429b-a5f0-ae83d57f44d3','39','d2d65211-b520-4618-83d2-4ad8c86c1784'),
  ('23ad6cd9-498b-46a5-bc0b-abcb38f0c9df','317ea58b-311e-429b-a5f0-ae83d57f44d3','40','d2d65211-b520-4618-83d2-4ad8c86c1784'),
  ('f628baa5-5208-4919-abf4-1d0e02992de3','317ea58b-311e-429b-a5f0-ae83d57f44d3','41','d2d65211-b520-4618-83d2-4ad8c86c1784'),
  ('7a9354af-1ea5-48e1-b5cf-7f4f22a1f948','317ea58b-311e-429b-a5f0-ae83d57f44d3','42','d2d65211-b520-4618-83d2-4ad8c86c1784'),
  ('b2d5748b-08f2-4b52-a310-523bcf603806','147d9bc7-767d-4417-82d6-a743961b866c','25','4999e843-e81b-46c7-8d97-b46a702ac81f'),
  ('d81c5f7c-ddd7-42b3-9d16-272167585921','147d9bc7-767d-4417-82d6-a743961b866c','25B','4999e843-e81b-46c7-8d97-b46a702ac81f'),
  ('378b493a-adba-440b-ba70-3dd4c6b0d34c','147d9bc7-767d-4417-82d6-a743961b866c','26','4999e843-e81b-46c7-8d97-b46a702ac81f'),
  ('19d4522f-4b9e-4c47-8e2a-4725571c1153','147d9bc7-767d-4417-82d6-a743961b866c','27','4999e843-e81b-46c7-8d97-b46a702ac81f'),
  ('72a45760-119a-4ef3-9864-4b5a4e2af2e0','147d9bc7-767d-4417-82d6-a743961b866c','28','4999e843-e81b-46c7-8d97-b46a702ac81f'),
  ('8192fa96-7304-486e-a89c-7e82d250ab45','147d9bc7-767d-4417-82d6-a743961b866c','29','4999e843-e81b-46c7-8d97-b46a702ac81f'),
  ('c1427ed0-e9cb-440c-b600-7d8f6ff04f19','147d9bc7-767d-4417-82d6-a743961b866c','30','4999e843-e81b-46c7-8d97-b46a702ac81f'),
  ('a6e52ca5-7f91-45f9-a625-3b4f891df2a0','147d9bc7-767d-4417-82d6-a743961b866c','31','4999e843-e81b-46c7-8d97-b46a702ac81f'),
  ('6a8a0ad9-4499-441d-9606-410c7b290a6b','147d9bc7-767d-4417-82d6-a743961b866c','32','4999e843-e81b-46c7-8d97-b46a702ac81f'),
  ('7408fb45-a1ee-4932-923e-9ba260c35362','147d9bc7-767d-4417-82d6-a743961b866c','33','4999e843-e81b-46c7-8d97-b46a702ac81f'),
  ('28ac36d0-cff5-459c-85ee-cf65740c6bfc','147d9bc7-767d-4417-82d6-a743961b866c','34','4999e843-e81b-46c7-8d97-b46a702ac81f'),
  ('dcb59253-45fd-451e-90ba-f235e97220a3','147d9bc7-767d-4417-82d6-a743961b866c','35','4999e843-e81b-46c7-8d97-b46a702ac81f'),
  ('65988814-4d08-4893-8e73-5e7b52ed3696','147d9bc7-767d-4417-82d6-a743961b866c','36','4999e843-e81b-46c7-8d97-b46a702ac81f'),
  ('68df3024-249e-4fd1-978f-f756d8013a38','147d9bc7-767d-4417-82d6-a743961b866c','37','4999e843-e81b-46c7-8d97-b46a702ac81f'),
  ('dfc4ee0d-de0c-47be-8046-ebf71e77f635','147d9bc7-767d-4417-82d6-a743961b866c','38 B','4999e843-e81b-46c7-8d97-b46a702ac81f'),
  ('f1646e47-055c-4dc6-8d74-ca6f336cdf7e','147d9bc7-767d-4417-82d6-a743961b866c','40','4999e843-e81b-46c7-8d97-b46a702ac81f'),
  ('819dc02e-5fc2-4056-bdf4-c8be25f28dcb','147d9bc7-767d-4417-82d6-a743961b866c','41','4999e843-e81b-46c7-8d97-b46a702ac81f'),
  ('87a1f913-df83-4997-a088-5eb8be342f5a','147d9bc7-767d-4417-82d6-a743961b866c','42','4999e843-e81b-46c7-8d97-b46a702ac81f'),
  ('e385a585-0b10-4f15-a3d7-e994f3894733','147d9bc7-767d-4417-82d6-a743961b866c','43','4999e843-e81b-46c7-8d97-b46a702ac81f'),
  ('732c1048-8c71-4070-8244-40cc9f615deb','147d9bc7-767d-4417-82d6-a743961b866c','44','4999e843-e81b-46c7-8d97-b46a702ac81f'),
  ('3948a0d3-1018-433e-acb7-2836ce594968','147d9bc7-767d-4417-82d6-a743961b866c','45','4999e843-e81b-46c7-8d97-b46a702ac81f'),
  ('567f6116-a0ef-4d1d-93b5-f1eedbe555e3','147d9bc7-767d-4417-82d6-a743961b866c','46','4999e843-e81b-46c7-8d97-b46a702ac81f'),
  ('59efdd49-fffb-4be3-8ddd-43afed6d71eb','147d9bc7-767d-4417-82d6-a743961b866c','47','4999e843-e81b-46c7-8d97-b46a702ac81f'),
  ('17f22dd5-faec-44da-9ad7-e434b54caffa','147d9bc7-767d-4417-82d6-a743961b866c','49','4999e843-e81b-46c7-8d97-b46a702ac81f'),
  ('4d26bdad-9ffd-40bb-a792-79fcb7075980','147d9bc7-767d-4417-82d6-a743961b866c','50','4999e843-e81b-46c7-8d97-b46a702ac81f'),
  ('fe200ed8-23cd-4630-912c-fb7c9d78255d','147d9bc7-767d-4417-82d6-a743961b866c','51','4999e843-e81b-46c7-8d97-b46a702ac81f'),
  ('3c5a1a98-420b-4188-a507-88c54c611fc7','147d9bc7-767d-4417-82d6-a743961b866c','51B','4999e843-e81b-46c7-8d97-b46a702ac81f'),
  ('d0ec33ff-aabb-4737-805b-b4d12001bad3','147d9bc7-767d-4417-82d6-a743961b866c','52','4999e843-e81b-46c7-8d97-b46a702ac81f'),
  ('4e673b07-3fc7-482f-88d8-9383864e9d59','147d9bc7-767d-4417-82d6-a743961b866c','53','4999e843-e81b-46c7-8d97-b46a702ac81f'),
  ('42011ced-4ee8-45f6-9b41-196a78a4b3e9','147d9bc7-767d-4417-82d6-a743961b866c','54','4999e843-e81b-46c7-8d97-b46a702ac81f'),
  ('d257ff02-3bba-4db9-a945-5e656b2e063f','17de28f8-4a3a-4f00-924f-6b0ae789536d','1','63fad81d-99a1-4615-b7d1-08c10153ce57'),
  ('e7096e71-a389-4f4f-855b-3c48300ff405','17de28f8-4a3a-4f00-924f-6b0ae789536d','2','63fad81d-99a1-4615-b7d1-08c10153ce57'),
  ('e7db80b6-1d40-4b30-91d6-f59a8d7210a4','17de28f8-4a3a-4f00-924f-6b0ae789536d','3B','63fad81d-99a1-4615-b7d1-08c10153ce57'),
  ('52443a6c-7c3b-4e81-86eb-3d4db0322ff9','17de28f8-4a3a-4f00-924f-6b0ae789536d','4','63fad81d-99a1-4615-b7d1-08c10153ce57'),
  ('900841f6-cf60-487c-85a9-e373977e7bc2','17de28f8-4a3a-4f00-924f-6b0ae789536d','5A','63fad81d-99a1-4615-b7d1-08c10153ce57'),
  ('2645d713-201b-44a4-ba3f-3bca622d886e','17de28f8-4a3a-4f00-924f-6b0ae789536d','5','63fad81d-99a1-4615-b7d1-08c10153ce57'),
  ('f095f6be-ab87-4c18-b245-e20112c89b6b','17de28f8-4a3a-4f00-924f-6b0ae789536d','24','63fad81d-99a1-4615-b7d1-08c10153ce57'),
  ('1fa0e95b-5007-4319-9330-452190cd33bc','17de28f8-4a3a-4f00-924f-6b0ae789536d','6','8e1e2dd3-3008-4226-9f6f-fe81a000568c'),
  ('d17027b8-9e08-4985-822f-6785bce3c633','17de28f8-4a3a-4f00-924f-6b0ae789536d','6b','8e1e2dd3-3008-4226-9f6f-fe81a000568c'),
  ('3e87b7a3-b07c-4072-be28-7925c19151fc','17de28f8-4a3a-4f00-924f-6b0ae789536d','7','8e1e2dd3-3008-4226-9f6f-fe81a000568c'),
  ('dc8fd5ee-156b-43db-aeb3-7c55719e9a8e','17de28f8-4a3a-4f00-924f-6b0ae789536d','8','8e1e2dd3-3008-4226-9f6f-fe81a000568c'),
  ('38f14434-fb69-4d95-817d-ff9eaff9eda2','17de28f8-4a3a-4f00-924f-6b0ae789536d','9','8e1e2dd3-3008-4226-9f6f-fe81a000568c'),
  ('2d053e87-454f-447a-a402-a38b570a1946','17de28f8-4a3a-4f00-924f-6b0ae789536d','11','8e1e2dd3-3008-4226-9f6f-fe81a000568c'),
  ('1ce41432-d7cb-4404-a43f-8910494a1d82','17de28f8-4a3a-4f00-924f-6b0ae789536d','13','8e1e2dd3-3008-4226-9f6f-fe81a000568c'),
  ('06574412-95f9-4c3c-9b9b-0460aa390003','17de28f8-4a3a-4f00-924f-6b0ae789536d','15','8e1e2dd3-3008-4226-9f6f-fe81a000568c'),
  ('7f97f44d-f379-4f08-8ad9-3fb1d98ea731','17de28f8-4a3a-4f00-924f-6b0ae789536d','21','8e1e2dd3-3008-4226-9f6f-fe81a000568c'),
  ('c4651469-ba14-4479-a014-9310ad72f2ee','17de28f8-4a3a-4f00-924f-6b0ae789536d','22','8e1e2dd3-3008-4226-9f6f-fe81a000568c'),
  ('cc6346a4-0f99-45e7-b468-cc918b5a8d04','17de28f8-4a3a-4f00-924f-6b0ae789536d','57','8e1e2dd3-3008-4226-9f6f-fe81a000568c'),
  ('893398b7-1b49-4eae-8780-657c88f211cd','17de28f8-4a3a-4f00-924f-6b0ae789536d','58','8e1e2dd3-3008-4226-9f6f-fe81a000568c'),
  ('ee16e1c5-0a07-4780-b474-0ea76fb7316d','17de28f8-4a3a-4f00-924f-6b0ae789536d','60','8e1e2dd3-3008-4226-9f6f-fe81a000568c'),
  ('2766017d-9aa0-4e96-afab-a2fcf06d92a0','17de28f8-4a3a-4f00-924f-6b0ae789536d','59','8e1e2dd3-3008-4226-9f6f-fe81a000568c'),
  ('64d413c2-6506-462b-b202-c4bde3826e68','17de28f8-4a3a-4f00-924f-6b0ae789536d','61','8e1e2dd3-3008-4226-9f6f-fe81a000568c'),
  ('dd5fa0d3-ecb0-4164-9ef0-4e7ae073aeaf','17de28f8-4a3a-4f00-924f-6b0ae789536d','62','8e1e2dd3-3008-4226-9f6f-fe81a000568c'),
  ('6a999676-500b-411e-aff5-6351b4178e27','17de28f8-4a3a-4f00-924f-6b0ae789536d','63','8e1e2dd3-3008-4226-9f6f-fe81a000568c'),
  ('0a801db8-3a25-40b4-8169-924e1fc8cb14','17de28f8-4a3a-4f00-924f-6b0ae789536d','64','8e1e2dd3-3008-4226-9f6f-fe81a000568c'),
  ('aaa57611-46f2-45f5-a672-a14aaa9e6544','17de28f8-4a3a-4f00-924f-6b0ae789536d','65','8e1e2dd3-3008-4226-9f6f-fe81a000568c'),
  ('93a75bf0-e280-44b7-85ec-7c9ff93509f4','17de28f8-4a3a-4f00-924f-6b0ae789536d','66','8e1e2dd3-3008-4226-9f6f-fe81a000568c'),
  ('c51d8337-58dc-4a22-9fe8-87e47bbe00ab','17de28f8-4a3a-4f00-924f-6b0ae789536d','67','8e1e2dd3-3008-4226-9f6f-fe81a000568c'),
  ('d1815896-f5b7-4635-85da-74566b443c54','17de28f8-4a3a-4f00-924f-6b0ae789536d','68','8e1e2dd3-3008-4226-9f6f-fe81a000568c'),
  ('fb788a67-61a7-482e-89bb-628eae2557fe','17de28f8-4a3a-4f00-924f-6b0ae789536d','69','8e1e2dd3-3008-4226-9f6f-fe81a000568c'),
  ('5e311a7c-3e20-4b3d-9179-3db0d8f7b701','17de28f8-4a3a-4f00-924f-6b0ae789536d','70','8e1e2dd3-3008-4226-9f6f-fe81a000568c'),
  ('2f0fc534-386e-4089-977f-d6bda0230ab0','17de28f8-4a3a-4f00-924f-6b0ae789536d','71','8e1e2dd3-3008-4226-9f6f-fe81a000568c'),
  ('3b6d1a8c-1f58-4e52-a04b-4b078c92c4b4','17de28f8-4a3a-4f00-924f-6b0ae789536d','72','8e1e2dd3-3008-4226-9f6f-fe81a000568c'),
  ('37378996-cfc4-4f4f-8f87-cab22c473786','17de28f8-4a3a-4f00-924f-6b0ae789536d','73','8e1e2dd3-3008-4226-9f6f-fe81a000568c'),
  ('1ba4d1be-c9ca-462a-87ec-1ef3e24fcf7a','17de28f8-4a3a-4f00-924f-6b0ae789536d','55B','63fad81d-99a1-4615-b7d1-08c10153ce57'),
  ('7bf40a75-080c-43c8-9f8d-734379cf3741','17de28f8-4a3a-4f00-924f-6b0ae789536d','56','63fad81d-99a1-4615-b7d1-08c10153ce57'),
  ('0be88dc1-e753-43cb-a938-ff3072cde97e','17de28f8-4a3a-4f00-924f-6b0ae789536d','74','63fad81d-99a1-4615-b7d1-08c10153ce57'),
  ('365de3c2-1d1b-4c25-916d-356ca4d4eba2','17de28f8-4a3a-4f00-924f-6b0ae789536d','76','63fad81d-99a1-4615-b7d1-08c10153ce57'),
  ('e9ec6bf4-d87e-4245-ac97-133afacc19bb','17de28f8-4a3a-4f00-924f-6b0ae789536d','76B','63fad81d-99a1-4615-b7d1-08c10153ce57'),
  ('3d2c5120-25ed-4058-a3c4-9094aedbc2cc','17de28f8-4a3a-4f00-924f-6b0ae789536d','77A','63fad81d-99a1-4615-b7d1-08c10153ce57'),
  ('9f1720d0-fc87-474c-9d93-5cffe37ed593','17de28f8-4a3a-4f00-924f-6b0ae789536d','78 D','63fad81d-99a1-4615-b7d1-08c10153ce57');

-- 4. LOTES
INSERT INTO public.lotes (id, bancada_id, funcionario_id, qtd, porta_enxerto, variedade, tipo, data_plantio, data_enxerto) VALUES
  ('9e5a7f21-74e1-4c56-884e-ee3085721d16','c9ba651d-516a-4e05-9532-67f12751c287','4fa483ce-094d-4c86-8452-f3ec0f63fcae',1290,'San Diego',NULL,'muda_normal','2025-11-01',NULL),
  ('791e76c7-0837-4623-9995-c32dc7590007','c9ba651d-516a-4e05-9532-67f12751c287','4fa483ce-094d-4c86-8452-f3ec0f63fcae',990,'Citrumelo Swingle',NULL,'muda_normal','2025-09-01',NULL),
  ('8084afa4-301e-4e7a-9da2-35b9e00e0d91','46e1b389-00d3-4dbc-9e62-17e43c7a1ebc','4fa483ce-094d-4c86-8452-f3ec0f63fcae',360,'Citrandarin 1710',NULL,'muda_normal','2025-09-01',NULL),
  ('b9ce7a18-e585-4303-a7f1-aff00cbcc3c5','9cb03b5d-8652-4cf5-8433-8488f0508ef4','4fa483ce-094d-4c86-8452-f3ec0f63fcae',300,'Citrumelo Swingle',NULL,'muda_normal','2026-03-01',NULL),
  ('eb3ae5fd-53b1-41e7-8869-5cbe8fd20a62','dec221d7-6507-484b-98c9-7671b9bb003f','4fa483ce-094d-4c86-8452-f3ec0f63fcae',1260,'Citrumelo Swingle',NULL,'muda_normal','2026-03-01',NULL),
  ('537d233e-c188-4f06-9ab1-f9b9824bf939','e0497576-dfb3-46f2-b9e4-e51408a6b64b','4fa483ce-094d-4c86-8452-f3ec0f63fcae',1290,'San Diego',NULL,'muda_normal','2025-11-01',NULL),
  ('e25adc2a-5f07-4d31-b9f8-2496751a884c','d737c5bf-62a0-497e-899c-ddd1aa4ee74d','4fa483ce-094d-4c86-8452-f3ec0f63fcae',840,'Citrandarin 1710',NULL,'muda_normal','2025-09-01',NULL),
  ('34a102b3-9e16-4a62-b547-0d71bb18c557','8743f567-3881-44e6-988b-aefa73d61602','4fa483ce-094d-4c86-8452-f3ec0f63fcae',720,'Citrandarin 1710','540 pera iac','muda_normal','2025-09-01',NULL),
  ('33f30034-c926-443c-ba8f-05b9fbe36242','c8f87b51-cc94-4f27-b94b-d43a3965c06b','4fa483ce-094d-4c86-8452-f3ec0f63fcae',1308,'Citrandarin 1710','Pera IAC','muda_normal','2025-09-01',NULL),
  ('f1cd9ece-7660-42ce-bb2e-d33f359a53ee','31bbad49-47b2-4cb7-870b-a251bc4c193f','4fa483ce-094d-4c86-8452-f3ec0f63fcae',480,'San Diego',NULL,'muda_normal','2025-11-01',NULL),
  ('839ba8e4-4995-43a6-a504-ad9ffe5d752d','5e362d93-6579-4dcb-8820-73e637362595','4fa483ce-094d-4c86-8452-f3ec0f63fcae',372,'Citrandarin 1710','Pera IAC','muda_normal','2025-09-01',NULL),
  ('c4c29831-131b-48a8-8534-bec88d05563e','70d4c269-c1f5-4811-ac70-f6c2de642249','4fa483ce-094d-4c86-8452-f3ec0f63fcae',702,'Citrandarin 1710','Pera IAC','muda_normal','2025-09-01',NULL),
  ('34bc81dd-371b-43e4-bd37-f6b13af94bc5','867d0e99-45c1-4415-b048-a5897e26095c','4fa483ce-094d-4c86-8452-f3ec0f63fcae',1566,'San Diego','Pera IAC','muda_normal','2025-09-01',NULL),
  ('a816f21b-fa1a-41af-9a76-af3caeae0624','25745c70-eefd-46db-8bcd-3391ba635204','4fa483ce-094d-4c86-8452-f3ec0f63fcae',1500,'Citrumelo Swingle',NULL,'muda_normal','2026-03-01',NULL),
  ('d2039315-7b7b-4261-bd0f-36e60e2dec7e','949c713c-b284-44ab-92a1-f9a4df60db6b','4fa483ce-094d-4c86-8452-f3ec0f63fcae',1500,'Citrumelo Swingle',NULL,'muda_normal','2026-03-01',NULL),
  ('1cbaaed9-7e80-471f-adb3-b574c3312d2c','f3786e2e-cd7b-43d9-bbe0-cc4e2aca6d2d','4fa483ce-094d-4c86-8452-f3ec0f63fcae',1518,'Citrumelo Swingle',NULL,'muda_normal','2026-03-01',NULL),
  ('8801f7ee-0f3f-4fc8-a941-54a14bb2eb5f','a667a909-f531-4b15-9b95-4a53b37afade','4fa483ce-094d-4c86-8452-f3ec0f63fcae',1500,'San Diego',NULL,'muda_normal','2025-11-01',NULL),
  ('f511fe3d-1c13-4079-ba1f-a36df8af6549','42046c36-b8f2-4916-bc7a-ce27b38f8ed8','4fa483ce-094d-4c86-8452-f3ec0f63fcae',402,'Citrandarin 1710',NULL,'muda_normal','2025-09-01',NULL),
  ('08aceb14-83a8-4a46-a041-1254531ea9b5','d4547ba9-6af7-4a17-92be-7045142ff467','4fa483ce-094d-4c86-8452-f3ec0f63fcae',560,'Citrumelo Swingle',NULL,'muda_normal','2026-03-01',NULL),
  ('40abbf2c-6755-4d3e-adb4-9cf9eaf5af02','abb8b32a-7f40-4fd8-bdc8-a10704ee5134','4fa483ce-094d-4c86-8452-f3ec0f63fcae',402,'Citrandarin 1710',NULL,'muda_normal','2025-09-01',NULL),
  ('bafabf56-e92e-40cf-b1cd-27e88989df0e','abb8b32a-7f40-4fd8-bdc8-a10704ee5134','4fa483ce-094d-4c86-8452-f3ec0f63fcae',1100,'Citrumelo Swingle',NULL,'muda_normal','2026-03-01',NULL),
  ('c4a791ad-e82d-4a8d-abca-5e5fe2abd298','0fcd8532-09f1-4121-88bf-fe9df3c97c41','4fa483ce-094d-4c86-8452-f3ec0f63fcae',1404,'Citrumelo Swingle',NULL,'muda_normal','2025-09-01',NULL),
  ('485f6167-344e-4dfc-9105-5a5477a32877','df847f82-10bc-41df-8e0d-6a0bb06219b9','4fa483ce-094d-4c86-8452-f3ec0f63fcae',1200,'Citrumelo Swingle','Ponkan','muda_normal','2026-01-01',NULL),
  ('b5667753-7a9c-4de8-b088-18f892ee1c62','46a2008d-c4a2-4653-b8a4-1344685c80bc','4fa483ce-094d-4c86-8452-f3ec0f63fcae',1500,'Citrumelo Swingle',NULL,'muda_normal','2026-01-01',NULL),
  ('ccf3de4a-f92b-44c8-8c7b-ad93ee71969c','f8abb0f9-b41f-4335-b47c-9da2081986c9','4fa483ce-094d-4c86-8452-f3ec0f63fcae',540,'Citrumelo Swingle','Americana','muda_normal','2026-01-01',NULL),
  ('3ce8782e-ea5b-4e51-bbfe-2ffe339ceb93','c63e3a91-5815-476b-88f3-6906799f9b85','4fa483ce-094d-4c86-8452-f3ec0f63fcae',1512,'San Diego','Pera IAC','muda_normal','2025-09-01',NULL),
  ('5fea579d-97cb-499a-81bd-69fbab9efcaa','21f225c1-b889-48cb-b5d2-84df73b4d3c2','4fa483ce-094d-4c86-8452-f3ec0f63fcae',756,'Citrumelo Swingle',NULL,'muda_normal','2026-01-01',NULL),
  ('e3e071af-4f65-40ac-a69a-ec72d8f336a3','926708ca-0e43-4674-bb03-3b1154424a96','4fa483ce-094d-4c86-8452-f3ec0f63fcae',900,'Citrumelo Swingle',NULL,'muda_normal','2025-09-01',NULL),
  ('aceba2b9-be77-41f6-aa92-9a327914b01a','725e5791-d465-4078-b9bd-60bb6a704d37','4fa483ce-094d-4c86-8452-f3ec0f63fcae',1512,'Citrumelo Swingle','1250 Hamlin','muda_normal','2026-02-01',NULL),
  ('23e7ed7e-fd26-40ab-83a3-d836ca637d21','558bc592-0223-4560-92f9-15c5280ace88','4fa483ce-094d-4c86-8452-f3ec0f63fcae',1512,'Citrumelo Swingle','1260 Hamlin','muda_normal','2026-02-01',NULL),
  ('6a4db92c-9ccc-4e59-b913-5b5e178e6385','7979157f-d210-47b7-b258-30235eb9ee3f','4fa483ce-094d-4c86-8452-f3ec0f63fcae',1500,'Citrumelo Swingle','1375 americana','muda_normal','2026-01-01',NULL),
  ('16259c18-0fd2-4ecc-be0f-cd8cfa3979ff','7869001d-7bb7-422c-96d4-7279bd61b354','4fa483ce-094d-4c86-8452-f3ec0f63fcae',1230,'Citrumelo Swingle',NULL,'muda_normal','2026-03-20',NULL),
  ('633252c2-fc8f-4c56-8dc8-4777a91ea7f1','9c8d842c-cf0f-4e41-b66b-2073a8907e59','4fa483ce-094d-4c86-8452-f3ec0f63fcae',642,'Citrumelo Swingle',NULL,'muda_normal','2026-01-01',NULL),
  ('beb5b5e2-cb04-4bb6-a72e-a217af8dafc1','7869001d-7bb7-422c-96d4-7279bd61b354','4fa483ce-094d-4c86-8452-f3ec0f63fcae',1260,'Citrumelo Swingle',NULL,'muda_normal','2025-09-01',NULL),
  ('47d82119-01fc-40a2-a301-5bada157568f','d773faa8-99aa-433e-bc80-2912f2b43206','4fa483ce-094d-4c86-8452-f3ec0f63fcae',1236,'Citrumelo Swingle','846 americana','muda_normal','2026-01-01',NULL),
  ('daf1ae31-4473-4ef9-bb9f-a10a60faa332','a6cf2f2d-89ab-477b-b208-298d26782612','4fa483ce-094d-4c86-8452-f3ec0f63fcae',1254,'Citrumelo Swingle',NULL,'muda_normal','2026-01-01',NULL),
  ('8c0f13ac-0eea-4d56-9feb-7875f91c34d5','4225db00-7568-4ae8-81be-a82841208cd3','4fa483ce-094d-4c86-8452-f3ec0f63fcae',1260,'Citrumelo Swingle','Valência','muda_normal','2026-02-01',NULL),
  ('3f107589-ebb2-4942-96d8-7bd4d6e8e24b','c0edde03-0529-4d8c-baf3-32ea4412aa1a','4fa483ce-094d-4c86-8452-f3ec0f63fcae',1254,'Citrumelo Swingle','Valência','muda_normal','2026-02-01',NULL),
  ('fa3af645-cee4-440c-9042-87078727d313','fbd227a6-552d-40d5-9659-9dcd5d7cac36','4fa483ce-094d-4c86-8452-f3ec0f63fcae',1248,'Citrumelo Swingle',NULL,'muda_normal','2026-03-20',NULL),
  ('4c2dd179-a28e-425a-b145-6fa5a179d019','6ff546b3-c26b-4843-9a5b-fd763f86cde0','4fa483ce-094d-4c86-8452-f3ec0f63fcae',840,'Citrumelo Swingle',NULL,'muda_normal','2026-01-01',NULL),
  ('5c37c62b-9578-41d1-96c0-1c5e72d8302d','6ff546b3-c26b-4843-9a5b-fd763f86cde0','4fa483ce-094d-4c86-8452-f3ec0f63fcae',420,'Citrumelo Swingle',NULL,'muda_normal','2026-02-01',NULL),
  ('76843565-c49a-4dfb-915e-bf9d0ed61831','ebd91956-8a3b-4488-8a60-e990048329e1','4fa483ce-094d-4c86-8452-f3ec0f63fcae',1260,'Citrumelo Swingle','Valência','muda_normal','2026-02-01',NULL),
  ('32071dbf-9ecf-4910-be58-16e4e3a978f3','f657d62b-7696-4505-aff9-fe46122ca9ab','4fa483ce-094d-4c86-8452-f3ec0f63fcae',1260,'Citrumelo Swingle',NULL,'muda_normal','2026-02-01',NULL),
  ('90417aa0-0206-477f-8529-a17ab814033c','5c148687-d5f4-4243-b669-67b3fdb173ca','4fa483ce-094d-4c86-8452-f3ec0f63fcae',1254,'Citrumelo Swingle',NULL,'muda_normal','2026-03-01',NULL),
  ('071eba4f-b4c8-4f58-b699-2a98bb103b3c','d76b91e6-a8fa-462b-9b93-1a25befd2d72','4fa483ce-094d-4c86-8452-f3ec0f63fcae',1248,'Citrumelo Swingle',NULL,'muda_normal','2026-04-01',NULL),
  ('404aad9f-9643-4428-bea4-ea907a634b69','9c925bcc-1581-4d93-98b1-02afed7fda6c','4fa483ce-094d-4c86-8452-f3ec0f63fcae',1260,'Citrumelo Swingle',NULL,'muda_normal','2026-02-01',NULL),
  ('9114ebba-12ea-4217-93ed-a9e822f03b33','e6b9b318-d2be-4db1-85ee-c450d94cccc6','a649a2e3-c2d4-4f99-a634-b332fb8198da',1368,'Citrumelo Swingle','Americana','muda_normal','2025-08-01',NULL),
  ('65c7d4a6-af6c-4a4a-92f3-232e069a9842','1cf53696-9ef9-413c-a36a-1bd9f626f99b','a649a2e3-c2d4-4f99-a634-b332fb8198da',1470,'San Diego',NULL,'muda_normal','2026-05-05',NULL),
  ('ad72172a-0304-4fec-97db-dbebe401e820','3fe25b4a-3248-4814-aae1-84e15f31ff2d','a649a2e3-c2d4-4f99-a634-b332fb8198da',1470,'San Diego',NULL,'muda_normal','2026-05-01',NULL),
  ('2776eb30-dd13-4c25-b928-30e8ecb4021d','3ee9e002-c2bd-47a9-95c7-ade25d405845','a649a2e3-c2d4-4f99-a634-b332fb8198da',1470,'San Diego',NULL,'muda_normal','2026-05-01',NULL),
  ('666acd8d-96fa-4b72-9386-47953e339202','0a47c238-4109-4a62-ab29-d26bc5886a8e','a649a2e3-c2d4-4f99-a634-b332fb8198da',930,'Citrandarin 1710',NULL,'muda_normal','2025-07-01',NULL),
  ('f952fa08-e9ae-4df3-bdaf-534dbf53e4eb','4bf5255a-79a7-41ab-840a-482b10ac2d65','a649a2e3-c2d4-4f99-a634-b332fb8198da',1452,'Citrumelo Swingle',NULL,'muda_normal','2025-12-01',NULL),
  ('2f1cb336-e414-4247-adae-55da0ea82d76','d53d0fb9-f5c8-4849-bae9-86e34b037bdb','a649a2e3-c2d4-4f99-a634-b332fb8198da',1452,'Flying Dragon',NULL,'muda_normal','2026-03-01',NULL),
  ('f0646db4-4b2c-460a-b6de-4f5335851abc','44cd4aff-939c-4e06-b72b-9e7d7293e4ca','a649a2e3-c2d4-4f99-a634-b332fb8198da',1470,'Citrandarin 1710',NULL,'muda_normal','2026-02-01',NULL),
  ('891bb077-cbca-4ceb-be27-8e7a0d1e8abd','4a91e67c-4c3f-4eb7-a6a1-08e5130eea89','a649a2e3-c2d4-4f99-a634-b332fb8198da',1470,'Citrandarin 1710',NULL,'muda_normal','2026-02-01',NULL),
  ('3f49c8de-c997-4c6e-a882-934a334ae3b1','559aa885-1de9-4b86-ad12-c7eb6c996504','4999e843-e81b-46c7-8d97-b46a702ac81f',1458,'Citrandarin 1710','Pera IAC','muda_normal','2025-06-01',NULL),
  ('08d1fd97-45cd-4445-968b-894ca7ce2221','21f52a7f-7118-44bd-96c7-6e1736ac3280','4999e843-e81b-46c7-8d97-b46a702ac81f',1464,'Citrumelo Swingle',NULL,'muda_normal','2026-03-01',NULL),
  ('8d9533e8-6c01-4eac-aeeb-66cafddc7024','53cfc52b-87c5-402e-ab15-b550ce1bea91','4999e843-e81b-46c7-8d97-b46a702ac81f',850,'Citrandarin 1710',NULL,'muda_normal','2025-07-01',NULL),
  ('6daa063c-7b9b-4cab-ae17-accef3c62bd0','76403786-3a5b-4caf-b339-beb0d55f9757','4999e843-e81b-46c7-8d97-b46a702ac81f',1000,'Citrumelo Swingle',NULL,'muda_normal','2025-11-01',NULL),
  ('ece3b39c-653a-4014-a1d6-8227b4932643','76403786-3a5b-4caf-b339-beb0d55f9757','4999e843-e81b-46c7-8d97-b46a702ac81f',432,'Citrumelo Swingle',NULL,'muda_normal','2025-12-01',NULL),
  ('f4c4e287-cedf-4cb0-bff4-0649bbfe89f4','2d494a77-30ab-4071-ac47-4d20db71787b','4999e843-e81b-46c7-8d97-b46a702ac81f',1446,'Citrumelo Swingle',NULL,'muda_normal','2025-12-01',NULL),
  ('fc20b9f2-537f-4508-ba54-78da5dc2697e','24e06463-6466-473c-aabb-ec9c9b0f5c4c','4999e843-e81b-46c7-8d97-b46a702ac81f',504,'Citrumelo Swingle',NULL,'muda_normal','2025-08-01',NULL),
  ('97302c12-59de-4133-afb2-ddda529c07c7','0630953e-991d-48d7-95c4-3bee5c578b3d','4999e843-e81b-46c7-8d97-b46a702ac81f',1080,'Citrumelo Swingle',NULL,'muda_normal','2025-07-01',NULL),
  ('63b582b5-3647-4198-98b0-5cdd1c70a7bc','36b62a0b-d516-4b1f-a0bf-3126f4d17985','4999e843-e81b-46c7-8d97-b46a702ac81f',1500,'Citrumelo Swingle',NULL,'muda_normal','2025-12-01',NULL),
  ('3ec0f14e-cf28-43c7-90a4-b6f2d5b5b168','c07ef8cc-974e-4835-aa06-d354d65f34b6','4999e843-e81b-46c7-8d97-b46a702ac81f',1470,'Citrumelo Swingle',NULL,'muda_normal','2025-12-01',NULL),
  ('addcc216-7a2d-4ea2-9188-ba66d86a2f4d','d5475ba6-c66d-4602-9bc2-dd3058080bb5','a649a2e3-c2d4-4f99-a634-b332fb8198da',1596,'Citrandarin 1710','Pera IAC','muda_normal','2025-08-01',NULL),
  ('a5a7fc5b-8376-4cc2-aa99-3cd956cdf7af','df952524-0211-4dd7-ae6f-c5cc3d5923f8','a649a2e3-c2d4-4f99-a634-b332fb8198da',672,'Citrandarin 1710','Pera IAC','muda_normal','2025-06-01',NULL),
  ('bea9f3a0-52bc-42f0-a937-d38c764ab9b0','1ade2104-3e83-4344-9aff-e32de3acfba9','a649a2e3-c2d4-4f99-a634-b332fb8198da',1524,'San Diego',NULL,'muda_normal','2026-05-01',NULL),
  ('bed69c9c-41f6-4df6-baff-3d548a8aa4fa','ce692676-1c74-4515-a45a-b16ec8ff75aa','a649a2e3-c2d4-4f99-a634-b332fb8198da',1350,'San Diego',NULL,'muda_normal','2026-02-01',NULL),
  ('cd562965-4388-4b8c-a96b-1ed1772bbbbf','ce692676-1c74-4515-a45a-b16ec8ff75aa','a649a2e3-c2d4-4f99-a634-b332fb8198da',180,'San Diego',NULL,'muda_normal','2026-03-01',NULL),
  ('9b09581f-f3a5-4d20-a25c-bd4f66e9c8dc','95ae8f9c-86fa-42cc-a2e8-13fcbeda30c1','a649a2e3-c2d4-4f99-a634-b332fb8198da',1530,'San Diego',NULL,'muda_normal','2026-02-01',NULL),
  ('e4614ebc-104a-4fdd-9d44-2aa4157c2a5d','6813a59a-3b49-4f9a-879d-53e33fe44a5a','a649a2e3-c2d4-4f99-a634-b332fb8198da',1500,'Citrandarin 1710','Murcote','muda_normal','2025-12-01',NULL),
  ('6a4cd2af-b6ef-4f82-be2c-455f48e09dcd','f9754380-74ec-4e22-9a0a-d0bc2a1426ba','a649a2e3-c2d4-4f99-a634-b332fb8198da',1536,'Citrandarin 1710',NULL,'muda_normal','2025-12-01',NULL),
  ('05e74856-f1cc-4862-ac7a-41cc2ccb60eb','75addc48-e4ee-4c80-8276-d8b4530cb6d5','a649a2e3-c2d4-4f99-a634-b332fb8198da',1530,'Citrandarin 1710',NULL,'muda_normal','2025-07-01',NULL),
  ('9a7d6edc-4e77-4237-a9dd-6e46c94d4e20','842b05ca-10c2-4bda-95a0-fea4e5cf124a','a649a2e3-c2d4-4f99-a634-b332fb8198da',1464,'Citrandarin 1710',NULL,'muda_normal','2025-12-01',NULL),
  ('0180526c-b5ee-4eb0-a31b-1dcbc95ecf44','ee082c46-c0f5-4134-9a31-bb443ca5253f','a649a2e3-c2d4-4f99-a634-b332fb8198da',1596,'Citrandarin 1710','Pera IAC','muda_normal','2025-08-01',NULL),
  ('48ca3d7f-9310-4e67-b7d3-68550050f763','7f0ef153-a4fa-4e3f-b585-5fb47c52d07e','a649a2e3-c2d4-4f99-a634-b332fb8198da',1560,'Citrandarin 1710',NULL,'muda_normal','2025-07-01',NULL),
  ('1b31d7ae-1847-47e6-9410-33796ca1d9a2','2b879f7f-55e7-47b0-a1ee-a984b1dd4b33','a649a2e3-c2d4-4f99-a634-b332fb8198da',1224,'Citrandarin 1710','Pera Rio','muda_normal','2025-08-01',NULL),
  ('0cbfbd24-2b19-4ea7-bcfe-80249ee2d953','f72a2439-ddbb-47a7-ae7f-06150957b82c','a649a2e3-c2d4-4f99-a634-b332fb8198da',1050,'Citrumelo Swingle','Americana','muda_normal','2025-08-01',NULL),
  ('7a3d0bd8-d420-472d-bda3-6018ec8533ad','2b879f7f-55e7-47b0-a1ee-a984b1dd4b33','a649a2e3-c2d4-4f99-a634-b332fb8198da',246,'Citrandarin 1710',NULL,'muda_normal','2025-07-01',NULL),
  ('501838b3-e67c-494b-b49e-8e183fda7f45','dcd4ecd4-4043-416a-80f1-ff9085119bc4','145bca88-34fa-46de-8b53-7a89d4de1f84',1110,'Citrumelo Swingle','612ponjan 516cravao','muda_normal','2025-10-01',NULL),
  ('a7d5c6f8-a1aa-44d6-8822-0f5382500dab','d909cfa9-037c-4616-a442-4973650d2fcc','145bca88-34fa-46de-8b53-7a89d4de1f84',882,'Citrumelo Swingle',NULL,'muda_normal','2025-11-01',NULL),
  ('15d44314-03e0-4080-922e-0186c7b03808','4185d420-0df6-42ec-ae6c-6bfe5631c1e2','145bca88-34fa-46de-8b53-7a89d4de1f84',2004,'Citrumelo Swingle','Valência','muda_normal','2026-02-01',NULL),
  ('9cd5af50-ce10-4a24-b77f-f1cbfe9b786b','1076c342-5972-4c21-a5b9-5d1f858a795f','145bca88-34fa-46de-8b53-7a89d4de1f84',1302,'Citrumelo Swingle',NULL,'muda_normal','2026-02-01',NULL),
  ('96d5bd17-e362-462f-b077-4588a86a72e0','da907f75-e238-49a1-849c-2bbe0356b401','145bca88-34fa-46de-8b53-7a89d4de1f84',720,'Citrumelo Swingle',NULL,'muda_normal','2025-08-01',NULL),
  ('d5bdbe9b-7921-4bf2-93d9-aeb1b19f6c8e','db8b0956-24e0-4eb1-88c4-db37c5883bce','145bca88-34fa-46de-8b53-7a89d4de1f84',360,'Citrumelo Swingle',NULL,'muda_normal','2025-08-01',NULL),
  ('350f99ef-103a-4902-b16e-f745221888f0','5a24a4a4-5bbb-43f9-a2fb-03397dba9d11','145bca88-34fa-46de-8b53-7a89d4de1f84',2094,'Limão Cravo','Murcote','muda_normal','2025-08-01',NULL),
  ('21babb1d-a63c-4f28-8752-c0305595add0','aae66ad9-fb96-4d1d-8634-c97fe800c3cc','145bca88-34fa-46de-8b53-7a89d4de1f84',2022,'Citrumelo Swingle',NULL,'muda_normal','2026-02-01',NULL),
  ('bca667b4-7942-4163-a775-0468e76fcd2a','080916ad-df8b-44a8-91d4-b7784772a6ce','145bca88-34fa-46de-8b53-7a89d4de1f84',1968,'Citrumelo Swingle',NULL,'muda_normal','2026-03-01',NULL),
  ('2c132a9b-f50c-4e36-b80f-4175f406989c','e1ce7053-cfb6-4402-8ce9-fc33561e06ed','145bca88-34fa-46de-8b53-7a89d4de1f84',1968,'Citrumelo Swingle',NULL,'muda_normal','2026-03-01',NULL),
  ('812dde52-9f61-403e-82f3-ef0974f71d7c','eced2746-0278-4753-b9dd-c0da8d03d7cd','145bca88-34fa-46de-8b53-7a89d4de1f84',1920,'Citrumelo Swingle',NULL,'muda_normal','2026-03-01',NULL),
  ('44daa82f-a298-4b9e-804b-32204af0a247','c2909fab-d6af-43ee-8c3b-a537291798c5','145bca88-34fa-46de-8b53-7a89d4de1f84',1980,'Limão Cravo',NULL,'muda_normal','2025-10-01',NULL),
  ('280d0911-7c64-4dd1-9e42-21235517ec47','38be3d60-b1c9-4c54-b382-f4b99707addf','145bca88-34fa-46de-8b53-7a89d4de1f84',1978,'San Diego',NULL,'muda_normal','2025-11-01',NULL),
  ('4df0682b-ac74-4939-b611-36020c685961','b285889d-b116-47da-8679-ee4b14b7425b','145bca88-34fa-46de-8b53-7a89d4de1f84',1950,'Limão Cravo',NULL,'muda_normal','2025-10-01',NULL),
  ('7b5a608e-ad73-48b8-ad81-6b67b65762ff','c35ac42c-3ec4-4866-8844-96b720d013b5','145bca88-34fa-46de-8b53-7a89d4de1f84',1950,'Trifoliata',NULL,'muda_normal','2026-01-01',NULL),
  ('47368401-583d-4874-853a-15e5562afce0','9d007a2d-557e-4a4d-9652-8f8a49afe54d','145bca88-34fa-46de-8b53-7a89d4de1f84',1956,'Trifoliata',NULL,'muda_normal','2026-01-01',NULL),
  ('67a8a062-44e6-49b8-b3b5-c7a32c1416ff','7b9c5627-5062-47cd-8e24-adaff384cefd','145bca88-34fa-46de-8b53-7a89d4de1f84',1974,'Limão Cravo','Murcote','muda_normal','2025-08-01',NULL),
  ('cda13bed-c8a7-4ad7-9c70-3e2e2a21d393','5cf8819c-5b74-4f44-a9f9-6124350e0059','145bca88-34fa-46de-8b53-7a89d4de1f84',1986,'Citrumelo Swingle',NULL,'muda_normal','2026-02-01',NULL),
  ('6b47fa74-8ef3-487c-b183-ba55751f7aab','129c4f84-21bd-4436-97f4-704c7366f488','145bca88-34fa-46de-8b53-7a89d4de1f84',1986,'Citrumelo Swingle',NULL,'muda_normal','2026-05-01',NULL),
  ('ac33839d-3126-4d71-8413-97d1d990cd27','f3b9ad5d-3bff-4b71-898e-89bc2286f7bc','145bca88-34fa-46de-8b53-7a89d4de1f84',1968,'Citrumelo Swingle',NULL,'muda_normal','2026-05-01',NULL),
  ('7c4908ee-01db-4361-b307-c359c81d9a1f','3b63ae38-13ca-4688-aac6-584656630d9a','145bca88-34fa-46de-8b53-7a89d4de1f84',1964,'San Diego',NULL,'muda_normal','2025-11-01',NULL),
  ('917eca95-754f-436f-91c6-49965cf42f20','c93d2a85-21f8-4c7f-b06c-71fca22e6a38','145bca88-34fa-46de-8b53-7a89d4de1f84',2040,'Citrumelo Swingle','Valência','muda_normal','2025-05-01',NULL),
  ('3d18df1a-d87a-42d6-bf44-e9a57eed7674','df36e18f-db76-417b-8a0e-23feb2283e58','145bca88-34fa-46de-8b53-7a89d4de1f84',720,'Citrumelo Swingle',NULL,'muda_normal','2025-08-01',NULL),
  ('2f2d115f-3360-4d72-a7db-84c8d80648ee','df36e18f-db76-417b-8a0e-23feb2283e58','145bca88-34fa-46de-8b53-7a89d4de1f84',1302,'Citrumelo Swingle',NULL,'muda_normal','2025-11-01',NULL),
  ('10f2dc44-3162-42ad-8f34-68ba38fe4c82','e475be71-bbb6-43e8-a30b-58c6fef67b51','145bca88-34fa-46de-8b53-7a89d4de1f84',792,'Citrumelo Swingle','192 lima/192 galego/204 bode/204 lima persia','muda_normal','2025-11-01',NULL),
  ('9f11191b-5836-48cb-a8c1-b977908522f6','e475be71-bbb6-43e8-a30b-58c6fef67b51','145bca88-34fa-46de-8b53-7a89d4de1f84',1030,'Citrumelo Swingle',NULL,'muda_normal','2025-08-01',NULL),
  ('b7d93190-2fdd-4e83-b82b-c41295fc9361','b63b1517-ad4b-4ee4-9903-f8575da3a286','145bca88-34fa-46de-8b53-7a89d4de1f84',1794,'Citrumelo Swingle',NULL,'muda_normal','2025-11-01',NULL),
  ('84871b38-39c4-486c-9918-50732e2c9987','f7b638de-420b-46aa-8b70-371cf4f9c20f','145bca88-34fa-46de-8b53-7a89d4de1f84',960,'Citrumelo Swingle',NULL,'muda_normal','2026-03-01',NULL),
  ('7cc03524-7705-4135-a22c-fbeb01a06b5e','f3e9fff1-2105-45c6-b23f-379781d316ef','145bca88-34fa-46de-8b53-7a89d4de1f84',1590,'Citrumelo Swingle',NULL,'muda_normal','2026-01-01',NULL),
  ('b7f1558a-8477-457c-8c02-549ee14cf656','e668fd40-1f88-4921-a192-cea0f75eb5fc','145bca88-34fa-46de-8b53-7a89d4de1f84',1790,'Citrumelo Swingle',NULL,'muda_normal','2026-03-01',NULL),
  ('4f9ac6e2-c6e7-4826-a10d-8b9ea0552202','7a8513ea-736b-476d-9256-8b46f8ca9311','145bca88-34fa-46de-8b53-7a89d4de1f84',1824,'Limão Cravo','Murcote','muda_normal','2025-08-01',NULL),
  ('d1f0b142-b389-4af5-b003-e2dc4afeb129','7b261c77-b140-4aec-84fd-bacb03ebfaee','145bca88-34fa-46de-8b53-7a89d4de1f84',1296,'Citrumelo Swingle',NULL,'muda_normal','2025-11-01',NULL),
  ('ec93c234-2026-4e94-9fa4-f7389fe3c7fd','511887a1-e70d-486f-ba0f-9476546a27f3','145bca88-34fa-46de-8b53-7a89d4de1f84',1230,'Citrumelo Swingle',NULL,'muda_normal','2026-01-01',NULL),
  ('3bd20e4d-8470-4e11-966f-dfa94e8024c3','16eceb7e-3996-4eb6-8e62-a0bd7c30d53d','145bca88-34fa-46de-8b53-7a89d4de1f84',1296,'San Diego',NULL,'muda_normal','2025-11-01',NULL),
  ('cfcf9a2a-210b-463e-a143-507a9cf18823','5e9dc459-6a30-4a4b-b26a-ac709b1ec23c','145bca88-34fa-46de-8b53-7a89d4de1f84',1290,'San Diego',NULL,'muda_normal','2025-11-01',NULL),
  ('f568c865-9d6a-4f2d-8aa1-3ddd97073a7a','08a86e93-1748-4b47-b0b7-ddbc8e172cf2','145bca88-34fa-46de-8b53-7a89d4de1f84',1272,'San Diego',NULL,'muda_normal','2025-11-01',NULL),
  ('07dd48f2-836a-40a4-9d23-0aed3221513a','0d19efb5-76bd-488d-8b86-b7d777f0eb6c','145bca88-34fa-46de-8b53-7a89d4de1f84',1266,'San Diego',NULL,'muda_normal','2025-11-01',NULL),
  ('af4c32a9-b71a-4cf6-99ef-1fdacc8fe90c','20f02eb7-609b-44b6-af00-fe67c568e363','145bca88-34fa-46de-8b53-7a89d4de1f84',1248,'San Diego',NULL,'muda_normal','2025-11-01',NULL),
  ('b7034bec-bdd3-49f6-ae85-5cff611190ad','04c013f9-153f-4533-8061-81ff93204f5b','a649a2e3-c2d4-4f99-a634-b332fb8198da',2412,'Citrumelo Swingle','Americana','muda_normal','2025-08-01',NULL),
  ('864e9f71-19f0-49e4-89b3-38abab4f27ec','e854603c-0c37-4e87-a8b9-007e70ae5839','a649a2e3-c2d4-4f99-a634-b332fb8198da',1080,'Citrandarin 1710',NULL,'muda_normal','2025-12-01',NULL),
  ('48084860-744d-41ed-a56f-e4bdfe4924a3','a2cea132-95cb-4b9e-975d-6f7df8777397','a649a2e3-c2d4-4f99-a634-b332fb8198da',1362,'Citrandarin 1710','Pera IAC','muda_normal','2025-08-01',NULL),
  ('72676b21-b9a9-4eba-8e0d-3f9a66a90f14','dda93d46-1ae1-4323-ac6d-6e551f0ea5d1','c8ad1cce-b2a6-479a-8bd6-aa54249a132f',2370,'San Diego',NULL,'muda_normal','2025-12-01',NULL),
  ('75b27a51-20ed-40e3-83bd-e5f3371c5a5e','e925a26e-79df-4cb5-857f-22c6f4cc401e','c8ad1cce-b2a6-479a-8bd6-aa54249a132f',840,'San Diego',NULL,'muda_normal','2026-05-01',NULL),
  ('bd39832f-3d65-47f5-9c9b-a7882e6c0aae','e925a26e-79df-4cb5-857f-22c6f4cc401e','c8ad1cce-b2a6-479a-8bd6-aa54249a132f',1560,'Citrandarin 1710',NULL,'muda_normal','2025-07-01',NULL),
  ('441896df-63cf-43f2-be25-29f0fea8edf7','da9ff777-7fd8-4f55-865e-1d048c3b62c5','c8ad1cce-b2a6-479a-8bd6-aa54249a132f',2328,'San Diego',NULL,'muda_normal','2025-12-01',NULL),
  ('71ad92a5-9ff6-49db-85ab-810929bf920c','ae08ae86-c23e-4a44-8cb1-7916b3a91df4','c8ad1cce-b2a6-479a-8bd6-aa54249a132f',2346,'San Diego',NULL,'muda_normal','2025-12-01',NULL),
  ('931714bd-5e30-4f9d-a4be-e4c99139edfd','0ddf7d5c-68cb-4071-bd91-526e2263f6bd','c8ad1cce-b2a6-479a-8bd6-aa54249a132f',2298,'San Diego',NULL,'muda_normal','2025-12-01',NULL),
  ('beadf293-69b9-4840-80d6-ec2cc9a1cadd','0ca35c99-71a6-4865-8f5f-b8161824650c','c8ad1cce-b2a6-479a-8bd6-aa54249a132f',2244,'San Diego',NULL,'muda_normal','2025-12-01',NULL),
  ('0cb29fce-d875-4fd6-9ab3-e2f6ab1b5925','f73a4147-2ac9-4c56-a05a-658ef59bef2c','c8ad1cce-b2a6-479a-8bd6-aa54249a132f',2400,'San Diego','Pera IAC','muda_normal','2025-09-01',NULL),
  ('6e2145f6-0d09-4250-92a2-73c1ec7658f1','f719a8dc-7b7a-4432-bb6a-3e5b7feb952c','c8ad1cce-b2a6-479a-8bd6-aa54249a132f',2298,'Trifoliata',NULL,'muda_normal','2026-02-01',NULL),
  ('c6ba569a-5ad0-4d00-a093-a66e0244642a','290cbcca-f803-467b-a730-86511acac5ab','c8ad1cce-b2a6-479a-8bd6-aa54249a132f',2316,'Citrumelo Swingle',NULL,'muda_normal','2025-12-01',NULL),
  ('616c980c-ff17-4cbf-9aab-6230d8b6eb3e','e54dbf46-86aa-448d-baa2-7f4e97fa1dc9','c8ad1cce-b2a6-479a-8bd6-aa54249a132f',2400,'San Diego','Pera IAC','muda_normal','2025-09-01',NULL),
  ('71d26c0f-ab6f-480a-9c30-d68ce456d5a0','e458ba01-95e8-4fe3-b1ba-6c303c2827d9','c8ad1cce-b2a6-479a-8bd6-aa54249a132f',1020,'Citrumelo Swingle',NULL,'muda_normal','2026-05-01',NULL),
  ('c18b920e-6656-452d-8168-7637bec53a9b','e458ba01-95e8-4fe3-b1ba-6c303c2827d9','c8ad1cce-b2a6-479a-8bd6-aa54249a132f',1332,'Citrumelo Swingle',NULL,'muda_normal','2026-02-01',NULL),
  ('18736fd6-ef89-421d-a7d0-085c5cbce868','4eb5acd8-25a6-4cda-8690-febd13c24b38','c8ad1cce-b2a6-479a-8bd6-aa54249a132f',2238,'Citrumelo Swingle',NULL,'muda_normal','2026-05-01',NULL),
  ('f03c7265-5e3a-4d19-8025-31cc9338332f','2a641020-6a70-4438-9b69-98edfa048214','c8ad1cce-b2a6-479a-8bd6-aa54249a132f',2346,'Citrumelo Swingle',NULL,'muda_normal','2026-02-01',NULL),
  ('bec65612-a09c-42c1-af81-865297bdfb77','0e0784a4-a6ab-44f1-b1ca-c471c25215a6','c8ad1cce-b2a6-479a-8bd6-aa54249a132f',1608,'Citrumelo Swingle',NULL,'muda_normal','2026-02-01',NULL),
  ('35632210-7fa3-4f48-8dbe-83837adfceaa','3ef4647a-4347-4765-a1c7-e27e72410ff9','c8ad1cce-b2a6-479a-8bd6-aa54249a132f',1086,'Citrumelo Swingle',NULL,'muda_normal','2025-09-01',NULL),
  ('31995952-58a8-435f-848a-71ebe2b3e061','7d8423fa-9911-4714-8902-982e6386d012','c8ad1cce-b2a6-479a-8bd6-aa54249a132f',2088,'Flying Dragon',NULL,'muda_normal','2026-05-01',NULL),
  ('623505ee-1b3f-481d-84b3-ba54097ac1a7','50622d6c-7561-49ff-ac44-bf9456889f99','c8ad1cce-b2a6-479a-8bd6-aa54249a132f',2148,'Citrumelo Swingle',NULL,'muda_normal','2025-12-01',NULL),
  ('35a3eb30-9b14-496e-ad18-84c6af418dae','cfbcbf64-783d-48ab-89d8-206d9b206e99','c8ad1cce-b2a6-479a-8bd6-aa54249a132f',1302,'Citrumelo Swingle',NULL,'muda_normal','2026-05-01',NULL),
  ('db26b414-94c6-4586-a144-8519ef26f89e','cfbcbf64-783d-48ab-89d8-206d9b206e99','c8ad1cce-b2a6-479a-8bd6-aa54249a132f',900,'Citrumelo Swingle',NULL,'muda_normal','2025-09-01',NULL),
  ('89889b30-38f0-41be-b235-ca8590a550d6','e017ee4b-f9ad-4bad-a6f0-80f349b47a84','c8ad1cce-b2a6-479a-8bd6-aa54249a132f',1572,'Citrandarin 1710',NULL,'muda_normal','2025-09-01',NULL),
  ('4da5a395-f331-405f-b788-9ce2e8f7457a','f42bb675-f00f-4b5f-a3e5-11736ac289d2','c8ad1cce-b2a6-479a-8bd6-aa54249a132f',1980,'Trifoliata',NULL,'muda_normal','2026-02-01',NULL),
  ('acb054cf-0977-4f92-a70b-2557fdbf8d13','49593919-8792-4114-bf8f-6b01705a7a9e','c8ad1cce-b2a6-479a-8bd6-aa54249a132f',2082,'Citrumelo Swingle',NULL,'muda_normal','2026-05-01',NULL),
  ('25c626ce-df50-4027-94b0-1411859bd656','84536ea3-299a-4586-ab53-70178e8a372a','c8ad1cce-b2a6-479a-8bd6-aa54249a132f',2124,'Citrumelo Swingle','Americana','muda_normal','2025-12-01',NULL),
  ('dd81190f-3aa2-49e4-9ad3-823d6696ec45','cb7c69ca-4848-4173-abb8-20cd25a6fbce','c8ad1cce-b2a6-479a-8bd6-aa54249a132f',2172,'Citrumelo Swingle',NULL,'muda_normal','2025-12-01',NULL),
  ('58f0dea0-6fb5-4071-860c-c2c29ebc4fd1','302bb51e-19ca-467c-8ade-e28c6688d967','a649a2e3-c2d4-4f99-a634-b332fb8198da',2160,'Citrandarin 1710',NULL,'muda_normal','2026-03-01',NULL),
  ('5dda7233-8b12-4d77-ae64-3ff4c8fe2238','e2daa56d-9f06-4d4e-90cd-e8e4416b3b42','a649a2e3-c2d4-4f99-a634-b332fb8198da',1350,'Citrandarin 1710',NULL,'muda_normal','2025-07-01',NULL),
  ('0648b7c6-bfb1-4371-b474-78d88cb4f811','e2daa56d-9f06-4d4e-90cd-e8e4416b3b42','a649a2e3-c2d4-4f99-a634-b332fb8198da',860,'Citrandarin 1710',NULL,'muda_normal','2025-12-01',NULL),
  ('84da42e7-3617-4b3b-b8f9-d611603fe222','c51d945a-8cac-4764-b75e-eb57f980c2b9','a649a2e3-c2d4-4f99-a634-b332fb8198da',1950,'Citrumelo Swingle','Americana','muda_normal','2025-08-01',NULL),
  ('a8f678fa-259d-430b-98c6-a7aa73ee27c9','9cdfcbdc-b160-4f3d-9b6b-e22f87bb0f10','26039569-8a8c-44c3-a4de-9d373bffa0d4',1300,'Citrumelo Swingle',NULL,'muda_normal','2026-01-01',NULL),
  ('7372f625-122f-4be7-8d7e-c1908355b2cf','250f52f6-62aa-429c-8dfc-e9e45928537f','26039569-8a8c-44c3-a4de-9d373bffa0d4',1300,'Citrumelo Swingle',NULL,'muda_normal','2026-01-01',NULL),
  ('0658f90f-74fa-44d3-bdd2-3196fae9c98b','be61cad1-13d8-444a-a119-329f6719fb5b','26039569-8a8c-44c3-a4de-9d373bffa0d4',1300,'Citrumelo Swingle',NULL,'muda_normal','2026-01-01',NULL),
  ('0021e9b5-cf6e-4b1b-9431-3da51375ceea','d3a57f1d-b875-4557-988d-77c859889830','26039569-8a8c-44c3-a4de-9d373bffa0d4',1300,'Citrumelo Swingle',NULL,'muda_normal','2026-01-01',NULL),
  ('2ee2cbd3-d4a7-4ea9-b7f2-bf520b04f210','d71644a9-5cbb-4b3e-b643-5a605402c64c','26039569-8a8c-44c3-a4de-9d373bffa0d4',1300,'Citrandarin 1710',NULL,'muda_normal','2025-06-01',NULL),
  ('53b47aae-d95a-41bb-a63a-e09cb640f4e3','5802013b-ef57-437b-a9ad-f7d5fa1941d7','26039569-8a8c-44c3-a4de-9d373bffa0d4',1300,'Citrumelo Swingle','Valência','muda_normal','2025-06-01',NULL),
  ('55a5e2a3-e808-4242-be72-55791caac0f0','dcc3f592-c759-4b4f-bddf-07626cb6c150','26039569-8a8c-44c3-a4de-9d373bffa0d4',1300,'Citrumelo Swingle','Valência','muda_normal','2025-06-01',NULL),
  ('36ecf19a-c45b-442c-923e-51e69f9dcc0f','cdd69d68-ea5b-471e-9400-96489f69ab8b','26039569-8a8c-44c3-a4de-9d373bffa0d4',1300,'Citrumelo Swingle','Valência','muda_normal','2025-06-01',NULL),
  ('40560372-256f-411a-a413-eb93a5cc503d','28043b1e-c794-4b65-ab82-53261956a152','26039569-8a8c-44c3-a4de-9d373bffa0d4',1300,'Citrumelo Swingle',NULL,'muda_normal','2026-01-01',NULL),
  ('d24e2e3f-aab4-48bc-809a-ccbb6cb5f6b0','0f281d9a-5fb4-4b58-aa86-682a7ed621b5','26039569-8a8c-44c3-a4de-9d373bffa0d4',1300,'Citrumelo Swingle',NULL,'muda_normal','2025-06-01',NULL),
  ('ae4d4d21-03c1-4247-862e-e0f1ec53cf61','ac0535aa-9490-426c-ab0d-82fee59efe89','26039569-8a8c-44c3-a4de-9d373bffa0d4',1300,'Citrumelo Swingle','Folha Murcha','muda_normal','2025-06-01',NULL),
  ('806f7e63-5f5e-4944-8bf6-df646f763520','48956ad6-eafa-4bf3-82fa-e23cbceb6e53','26039569-8a8c-44c3-a4de-9d373bffa0d4',1300,'Trifoliata','Tahiti','muda_normal','2025-07-01',NULL),
  ('905dbef3-b275-43ae-98f3-2defc0135a4b','16914062-45da-4df6-a763-e6030c49cf76','26039569-8a8c-44c3-a4de-9d373bffa0d4',1300,'Trifoliata','Tahiti','muda_normal','2025-07-01',NULL),
  ('a7a80336-9b32-4e6f-83ad-2bb4504ef057','7538c020-87de-4fed-97dd-34cdd4962574','26039569-8a8c-44c3-a4de-9d373bffa0d4',1300,'Trifoliata','Americana','muda_normal','2025-07-01',NULL),
  ('73321309-1a17-4f35-b678-eae4e7086cf8','77cf022d-7301-4fd8-9c50-2f9028f515f5','26039569-8a8c-44c3-a4de-9d373bffa0d4',600,'Trifoliata','Americana','muda_normal','2025-07-01',NULL),
  ('c44191b4-b56e-4a8b-ac8d-3b7dd53f51f9','77cf022d-7301-4fd8-9c50-2f9028f515f5','26039569-8a8c-44c3-a4de-9d373bffa0d4',900,'Citrumelo Swingle',NULL,'muda_normal','2025-07-01',NULL),
  ('2a4f7d5c-9295-4509-93d1-0a093a3556b0','31868535-f6eb-4aac-a5d5-62dea76f555e','26039569-8a8c-44c3-a4de-9d373bffa0d4',1500,'Citrumelo Swingle',NULL,'muda_normal','2025-07-01',NULL),
  ('9961804f-7f1f-4548-9339-def0ae03a07b','f55ddfbb-4208-4283-b802-93b105aa0fcc','26039569-8a8c-44c3-a4de-9d373bffa0d4',1500,'Citrumelo Swingle',NULL,'muda_normal','2026-02-01',NULL),
  ('5723c889-3efe-4d19-abbd-5d5e8dfe1c4c','a243cf58-4ff8-465c-8f3e-601c2d202531','26039569-8a8c-44c3-a4de-9d373bffa0d4',1500,'Citrumelo Swingle','Tahiti','muda_normal','2025-07-01',NULL),
  ('e0e281d4-4896-44ad-b8db-a1ea483fc25d','471d25dc-b0d7-4187-bbde-3307a27c04b2','26039569-8a8c-44c3-a4de-9d373bffa0d4',500,'Citrumelo Swingle',NULL,'muda_normal','2026-02-01',NULL),
  ('fa3f694d-2829-4d39-af3d-7f2abb293ce6','471d25dc-b0d7-4187-bbde-3307a27c04b2','26039569-8a8c-44c3-a4de-9d373bffa0d4',1080,'Citrumelo Swingle','Americana','muda_normal','2025-07-01',NULL),
  ('d89b5d6e-5c1f-42d9-a034-f71faf16dbaf','4bb140bf-c3ea-4bce-a638-32c6a9ae9c9e','26039569-8a8c-44c3-a4de-9d373bffa0d4',1500,'Citrumelo Swingle',NULL,'muda_normal','2026-02-01',NULL),
  ('0530b120-0927-4bca-ab51-fe891fda752b','518c8ab3-f407-449a-bdbb-3abd3d30b597','26039569-8a8c-44c3-a4de-9d373bffa0d4',1500,'Citrumelo Swingle',NULL,'muda_normal','2026-02-01',NULL),
  ('9f728a27-f419-4067-8763-44d5cd08d393','11bf5efd-d85f-45d7-af1c-3cd567898f77','26039569-8a8c-44c3-a4de-9d373bffa0d4',1500,'Citrumelo Swingle','500 VALENCIA 1000 PINEAPPLE','muda_normal','2025-06-01',NULL),
  ('c7386b51-e5e0-4dbc-8791-8e69bdaf6f46','2b1ea9ce-9258-45fd-a111-3f28a0cf3692','26039569-8a8c-44c3-a4de-9d373bffa0d4',1500,'Citrumelo Swingle','Pineapple','muda_normal','2025-06-01',NULL),
  ('8783c94e-e80b-4dc8-8d5b-0269ce61b84f','597ef66c-87f6-455e-9678-6e00604ecd4c','26039569-8a8c-44c3-a4de-9d373bffa0d4',1500,'Citrandarin 1710',NULL,'muda_normal','2025-06-01',NULL),
  ('715a157d-26d5-45e9-a39c-118011e7a201','28051d7e-d72d-4f8e-832d-dfdce4e5899c','26039569-8a8c-44c3-a4de-9d373bffa0d4',1500,'Citrumelo Swingle',NULL,'muda_normal','2026-02-01',NULL),
  ('19a6482a-c0a4-4a15-9ad1-788ca863b755','6f02a147-0b1a-447c-ae5e-f28c6b0cf673','26039569-8a8c-44c3-a4de-9d373bffa0d4',1500,'Citrandarin 1710','840 Americana','muda_normal','2025-06-01',NULL),
  ('65f8e368-1427-47ab-a4c2-9fc1915e60bc','e4dacc59-1f81-4759-8114-a7e7b75ab0ec','d2d65211-b520-4618-83d2-4ad8c86c1784',1326,'San Diego',NULL,'muda_normal','2026-01-05',NULL),
  ('a9918098-bac3-4f42-ba84-dfcae0341c04','40841c07-7d50-4b58-96c4-0daf2d597d47','d2d65211-b520-4618-83d2-4ad8c86c1784',1278,'Citrumelo Swingle',NULL,'muda_normal','2026-02-01',NULL),
  ('2c7f489b-d4d6-423c-ab3e-b7b6c82d20e2','1eb7cb73-0487-4627-9e70-323714293c65','d2d65211-b520-4618-83d2-4ad8c86c1784',1270,'Citrumelo Swingle',NULL,'muda_normal','2026-02-01',NULL),
  ('5fb1389f-797d-47b4-943e-8bb09f5036e3','2635246d-fa09-4440-9c39-409fae15d0a7','d2d65211-b520-4618-83d2-4ad8c86c1784',1368,'Citrumelo Swingle',NULL,'muda_normal','2025-08-01',NULL),
  ('56d6f6a3-bb44-46fa-88b5-90fd9b96698b','86f7769c-cad8-4607-88f5-1088f14ba4a4','d2d65211-b520-4618-83d2-4ad8c86c1784',1356,'Citrumelo Swingle',NULL,'muda_normal','2025-07-01',NULL),
  ('1a52dab7-3a5f-4daf-a42b-f7f1f1168cd0','a40d24db-95a1-46dd-ad4c-4b5d3cdd393b','d2d65211-b520-4618-83d2-4ad8c86c1784',1272,'Citrumelo Swingle',NULL,'muda_normal','2026-02-01',NULL),
  ('0d3430e6-fc93-4dbb-b85b-2199431e44b3','4c1aa67a-4c97-4790-a539-b3e1a54cadfb','d2d65211-b520-4618-83d2-4ad8c86c1784',1284,'Citrumelo Swingle',NULL,'muda_normal','2026-02-01',NULL),
  ('405bf492-c5fc-4ab8-b295-022bde01a55f','a36e7d14-d347-4874-8a1c-3c5722842087','d2d65211-b520-4618-83d2-4ad8c86c1784',1302,'Citrumelo Swingle',NULL,'muda_normal','2026-02-01',NULL),
  ('8f2d1a88-020d-46b9-9cb0-69549e45a714','f8a144bb-4eeb-4003-8838-dfa58affcd43','d2d65211-b520-4618-83d2-4ad8c86c1784',1290,'Citrumelo Swingle',NULL,'muda_normal','2026-03-01',NULL),
  ('13c403c9-509a-4db0-a17c-fe01b432d489','905c754b-9220-4846-9b58-dc0b580eeba4','d2d65211-b520-4618-83d2-4ad8c86c1784',1248,'Citrumelo Swingle',NULL,'muda_normal','2026-03-01',NULL),
  ('d482410d-63e0-455f-8a0b-d8ebec3600f2','7f0d4c0b-5aff-4aee-8347-a767fe964624','d2d65211-b520-4618-83d2-4ad8c86c1784',1284,'Citrumelo Swingle',NULL,'muda_normal','2026-03-01',NULL),
  ('df2f7ed8-6a33-4aec-ad9d-6fc8794f4d8a','9fd025a5-271e-4480-a7e7-8091a59ba0cc','d2d65211-b520-4618-83d2-4ad8c86c1784',1278,'Citrumelo Swingle',NULL,'muda_normal','2026-03-01',NULL),
  ('b829a876-81b2-43f1-8e0b-208e5fc0edca','05de0fc7-c944-49de-b6c2-34e80ec51dad','d2d65211-b520-4618-83d2-4ad8c86c1784',192,'Citrumelo Swingle',NULL,'muda_normal','2026-02-01',NULL),
  ('157f130c-51a7-4d0f-a244-94cc91f3c0bb','05de0fc7-c944-49de-b6c2-34e80ec51dad','d2d65211-b520-4618-83d2-4ad8c86c1784',870,'Citrumelo Swingle',NULL,'muda_normal','2026-03-01',NULL),
  ('38a9b405-1532-4af6-9106-0ddf2e8e0d25','ea5a13eb-58b5-469f-9a41-9d2f47103894','d2d65211-b520-4618-83d2-4ad8c86c1784',270,'Citrumelo Swingle',NULL,'muda_normal','2026-03-01',NULL),
  ('334b40d9-875d-4666-88c1-9b99a2dd65a0','1e9d61eb-fb33-497d-9169-5a57300b020f','d2d65211-b520-4618-83d2-4ad8c86c1784',1110,'Citrumelo Swingle',NULL,'muda_normal','2026-02-01',NULL),
  ('0a0e1d53-b52e-4702-9158-d5eac6df54c6','019e82b7-e2c1-4560-b457-486a95bbe0ae','d2d65211-b520-4618-83d2-4ad8c86c1784',720,'Citrumelo Swingle',NULL,'muda_normal','2026-02-01',NULL),
  ('52aef8d9-0d5c-455f-b825-9ae60022cdc8','019e82b7-e2c1-4560-b457-486a95bbe0ae','d2d65211-b520-4618-83d2-4ad8c86c1784',350,'San Diego',NULL,'muda_normal','2026-01-01',NULL),
  ('8f5a8d30-4ae6-4313-9f31-b21fa9d66e0b','af835d77-1fc3-4f11-a8c8-db962493e21e','d2d65211-b520-4618-83d2-4ad8c86c1784',1110,'San Diego',NULL,'muda_normal','2026-01-01',NULL),
  ('3b8461f3-6c37-45a1-adee-928f1a72f5ea','53bbeb15-47a0-44c4-a60c-ebdecca4d3e5','d2d65211-b520-4618-83d2-4ad8c86c1784',1122,'Citrumelo Swingle',NULL,'muda_normal','2026-02-01',NULL),
  ('f3fd5038-f2f4-432f-8d04-41106bd19660','e4dacc59-1f81-4759-8114-a7e7b75ab0ec','d2d65211-b520-4618-83d2-4ad8c86c1784',1278,'San Diego',NULL,'muda_normal','2025-12-05',NULL),
  ('85c804f2-4e62-4821-99ba-784943f0f1bf','40841c07-7d50-4b58-96c4-0daf2d597d47','d2d65211-b520-4618-83d2-4ad8c86c1784',1284,'San Diego',NULL,'muda_normal','2025-12-05',NULL),
  ('37003e23-5fb4-4cbf-bd9e-8f343d8ce30e','1eb7cb73-0487-4627-9e70-323714293c65','d2d65211-b520-4618-83d2-4ad8c86c1784',1296,'San Diego',NULL,'muda_normal','2025-12-05',NULL),
  ('b388c120-acac-4666-89f9-7b959809eb82','2635246d-fa09-4440-9c39-409fae15d0a7','d2d65211-b520-4618-83d2-4ad8c86c1784',1266,'San Diego',NULL,'muda_normal','2025-12-05',NULL),
  ('17abc590-0216-49be-8964-d87aeeca775d','86f7769c-cad8-4607-88f5-1088f14ba4a4','d2d65211-b520-4618-83d2-4ad8c86c1784',1338,'Citrumelo Swingle',NULL,'muda_normal','2025-07-01',NULL),
  ('1b8747b1-be7f-4ad2-bc90-2c285311e4a8','a40d24db-95a1-46dd-ad4c-4b5d3cdd393b','d2d65211-b520-4618-83d2-4ad8c86c1784',1332,'Citrumelo Swingle',NULL,'muda_normal','2025-07-01',NULL),
  ('29b67443-3871-4a69-b0cc-ccc3a39b07bd','4c1aa67a-4c97-4790-a539-b3e1a54cadfb','d2d65211-b520-4618-83d2-4ad8c86c1784',1320,'Citrumelo Swingle',NULL,'muda_normal','2025-07-01',NULL),
  ('be17c9c2-a40a-4413-b090-f38859e25664','a36e7d14-d347-4874-8a1c-3c5722842087','d2d65211-b520-4618-83d2-4ad8c86c1784',1290,'Citrumelo Swingle',NULL,'muda_normal','2025-07-01',NULL),
  ('bebad6cb-80b5-42e0-ad91-659026aaa6c3','f8a144bb-4eeb-4003-8838-dfa58affcd43','d2d65211-b520-4618-83d2-4ad8c86c1784',1404,'Citrumelo Swingle',NULL,'muda_normal','2025-07-01',NULL),
  ('fd7a8b17-6fb2-40d8-8d3f-adbe5ce2c474','905c754b-9220-4846-9b58-dc0b580eeba4','d2d65211-b520-4618-83d2-4ad8c86c1784',1356,'Citrumelo Swingle',NULL,'muda_normal','2025-07-01',NULL),
  ('7f8586b7-aaa9-476d-8f1f-665a8ac8b70f','7f0d4c0b-5aff-4aee-8347-a767fe964624','d2d65211-b520-4618-83d2-4ad8c86c1784',1314,'Citrumelo Swingle',NULL,'muda_normal','2025-07-01',NULL),
  ('dcd01a9b-3cb1-4cd4-bb63-1ab819559689','9fd025a5-271e-4480-a7e7-8091a59ba0cc','d2d65211-b520-4618-83d2-4ad8c86c1784',1362,'Citrumelo Swingle',NULL,'muda_normal','2025-07-01',NULL),
  ('13d38e8c-7d85-4577-a130-bde0fa1fbc47','05de0fc7-c944-49de-b6c2-34e80ec51dad','d2d65211-b520-4618-83d2-4ad8c86c1784',1392,'Citrumelo Swingle',NULL,'muda_normal','2025-07-01',NULL),
  ('e7233725-8993-4ced-9899-2ca82aad5b5a','ea5a13eb-58b5-469f-9a41-9d2f47103894','d2d65211-b520-4618-83d2-4ad8c86c1784',1348,'Citrumelo Swingle',NULL,'muda_normal','2025-07-01',NULL),
  ('45fe6db9-2301-4649-89ef-ffc6850735f8','1e9d61eb-fb33-497d-9169-5a57300b020f','d2d65211-b520-4618-83d2-4ad8c86c1784',1350,'Citrumelo Swingle',NULL,'muda_normal','2025-07-01',NULL),
  ('f4867c4f-6b3b-4ad4-a00a-1095ee28f23c','019e82b7-e2c1-4560-b457-486a95bbe0ae','d2d65211-b520-4618-83d2-4ad8c86c1784',1362,'Citrumelo Swingle',NULL,'muda_normal','2025-07-01',NULL),
  ('510da946-2c7f-42e1-97b9-b425f810428c','af835d77-1fc3-4f11-a8c8-db962493e21e','d2d65211-b520-4618-83d2-4ad8c86c1784',1356,'Citrumelo Swingle',NULL,'muda_normal','2025-08-01',NULL),
  ('ed074a79-50ad-4ce4-a132-9f3e6e9f31ff','53bbeb15-47a0-44c4-a60c-ebdecca4d3e5','d2d65211-b520-4618-83d2-4ad8c86c1784',1386,'Citrumelo Swingle',NULL,'muda_normal','2025-07-01',NULL),
  ('138dc493-5c01-4c2b-af5e-2c577e0a881a','749f669c-ab91-4a68-88c5-0c5b02f04d04','d2d65211-b520-4618-83d2-4ad8c86c1784',1476,'San Diego',NULL,'muda_normal','2025-12-01',NULL),
  ('be11d06f-07ef-4e8c-b9f7-2373fa41b441','bfa88815-5412-497f-ad18-3f83251edd7f','d2d65211-b520-4618-83d2-4ad8c86c1784',1464,'San Diego',NULL,'muda_normal','2025-12-01',NULL),
  ('0372f155-cbab-44b6-8409-a71688af457b','b4df07fc-1c81-4f1f-9b45-f18495742790','d2d65211-b520-4618-83d2-4ad8c86c1784',1500,'San Diego',NULL,'muda_normal','2025-12-01',NULL),
  ('5b4232bb-850d-41a8-abcf-2b3a149b1109','cc9e3409-916d-448d-ad51-c37e35307139','d2d65211-b520-4618-83d2-4ad8c86c1784',1500,'San Diego',NULL,'muda_normal','2025-12-01',NULL),
  ('332d6a41-18d5-4442-8713-6b864ccc4331','c94ae915-ee37-41b2-842d-488291cebdcc','d2d65211-b520-4618-83d2-4ad8c86c1784',1464,'San Diego',NULL,'muda_normal','2025-12-01',NULL),
  ('82f8f2cf-d164-4860-8dbf-a5d71c7f3458','bbbced09-3ace-4877-92f5-abd460dcddac','d2d65211-b520-4618-83d2-4ad8c86c1784',1464,'San Diego',NULL,'muda_normal','2025-12-01',NULL),
  ('40a6f3ad-4120-44cb-9a7a-002ec9843dcf','c4de6d7b-d126-4db1-a192-d86172ac8799','d2d65211-b520-4618-83d2-4ad8c86c1784',1530,'Trifoliata',NULL,'muda_normal','2025-06-01',NULL),
  ('05ffb2f8-1893-45bc-a7dc-0bee79acf3f3','fbe7f6d2-9524-4cc6-8326-709065de7ac6','d2d65211-b520-4618-83d2-4ad8c86c1784',1500,'Trifoliata',NULL,'muda_normal','2025-06-01',NULL),
  ('ab729480-da8e-4598-b90a-6babd16bb022','2740d925-ad49-401a-978b-1ba3baf2d8f3','d2d65211-b520-4618-83d2-4ad8c86c1784',1530,'Trifoliata',NULL,'muda_normal','2025-07-01',NULL),
  ('378f40ac-83ca-438a-aa57-feb7df56b436','f062b4d4-6651-4444-b2c8-b27276eecab2','d2d65211-b520-4618-83d2-4ad8c86c1784',1470,'Trifoliata',NULL,'muda_normal','2025-06-01',NULL),
  ('5c310745-a234-4add-a713-19c767417046','4cab9fa7-1de5-41cc-a06c-e451eefe102f','d2d65211-b520-4618-83d2-4ad8c86c1784',1470,'Citrumelo Swingle',NULL,'muda_normal','2025-07-01',NULL),
  ('119e20eb-1d18-4bf7-85f3-2df74e77ca78','cf22d64f-78a4-494e-bf54-599a65f516d2','d2d65211-b520-4618-83d2-4ad8c86c1784',1554,'Citrumelo Swingle',NULL,'muda_normal','2025-07-01',NULL),
  ('66c1f1b0-dbe0-4c13-883c-81e5c3f220a0','824611c6-5ac6-4e9b-9671-7cea1ebcc34c','d2d65211-b520-4618-83d2-4ad8c86c1784',1482,'Citrandarin 1710',NULL,'muda_normal','2025-06-01',NULL),
  ('a08027e7-9db3-4029-8108-c615d4f892cb','3b0d25e9-959f-45d0-bd5a-e348e139346c','d2d65211-b520-4618-83d2-4ad8c86c1784',1494,'Citrandarin 1710',NULL,'muda_normal','2025-06-01',NULL),
  ('a563e963-0bb6-4479-a234-e5b13b4c9b45','770a9ced-a1da-4789-abb8-fb9373a00e63','d2d65211-b520-4618-83d2-4ad8c86c1784',1452,'Citrandarin 1710',NULL,'muda_normal','2025-06-01',NULL),
  ('ed526862-3c88-4441-8fc0-6f3b13ae3179','a542a95a-3795-43ad-bdca-710679cff234','d2d65211-b520-4618-83d2-4ad8c86c1784',1476,'Citrandarin 1710',NULL,'muda_normal','2025-06-01',NULL),
  ('d2a774fd-d1ac-4b3a-b01b-c3f133588fc2','b61a926b-77c5-4137-abef-a0a0ab9bf612','d2d65211-b520-4618-83d2-4ad8c86c1784',1482,'Citrandarin 1710',NULL,'muda_normal','2025-06-01',NULL),
  ('8635355b-aca5-4476-8c9b-099e9dd9cc34','f087f558-4369-4ef6-be9c-cf04b2c5bc82','d2d65211-b520-4618-83d2-4ad8c86c1784',1140,'Citrandarin 1710',NULL,'muda_normal','2025-06-01',NULL),
  ('f7010a19-ac58-442b-82b7-ad085e869e7e','0096481f-09e3-4646-a5ba-b207034807a5','d2d65211-b520-4618-83d2-4ad8c86c1784',1176,'San Diego',NULL,'muda_normal','2025-12-01',NULL),
  ('60c5c299-d0b6-4898-bcb2-fe2d2f96943e','cec01379-fc19-480e-b38f-8e8ececfa01d','d2d65211-b520-4618-83d2-4ad8c86c1784',1176,'San Diego',NULL,'muda_normal','2025-12-01',NULL),
  ('103a5b80-003b-4515-90b1-8925863db617','df4a1037-ca17-46d4-a9b1-f635667a28db','d2d65211-b520-4618-83d2-4ad8c86c1784',1146,'San Diego',NULL,'muda_normal','2025-12-01',NULL),
  ('6d151476-cac9-4508-bb51-721491bed125','23ad6cd9-498b-46a5-bc0b-abcb38f0c9df','d2d65211-b520-4618-83d2-4ad8c86c1784',1170,'San Diego',NULL,'muda_normal','2025-12-01',NULL),
  ('b65bd21e-1d1b-4bcf-94f7-fb2724bbd293','f628baa5-5208-4919-abf4-1d0e02992de3','d2d65211-b520-4618-83d2-4ad8c86c1784',1170,'San Diego',NULL,'muda_normal','2025-12-01',NULL),
  ('cc5d993c-0d44-498b-8e48-9992ce6f2755','7a9354af-1ea5-48e1-b5cf-7f4f22a1f948','d2d65211-b520-4618-83d2-4ad8c86c1784',1170,'San Diego',NULL,'muda_normal','2025-12-01',NULL),
  ('be157a06-6d8d-45d1-b4ca-ff84f0f77b5b','b2d5748b-08f2-4b52-a310-523bcf603806','4999e843-e81b-46c7-8d97-b46a702ac81f',1038,'Citrumelo Swingle','Americana','muda_normal','2025-12-01',NULL),
  ('af073fc2-4b4a-441b-86de-431161d44cb3','d81c5f7c-ddd7-42b3-9d16-272167585921','4999e843-e81b-46c7-8d97-b46a702ac81f',200,'Citrumelo Swingle',NULL,'muda_normal','2025-08-01',NULL),
  ('3534f2e8-bf2d-4f50-b345-0df49e894e0e','378b493a-adba-440b-ba70-3dd4c6b0d34c','4999e843-e81b-46c7-8d97-b46a702ac81f',1080,'Citrumelo Swingle','Americana','muda_normal','2025-11-01',NULL),
  ('4e2502f8-6709-4d7d-8820-3a302402a7b7','378b493a-adba-440b-ba70-3dd4c6b0d34c','4999e843-e81b-46c7-8d97-b46a702ac81f',150,'Citrumelo Swingle',NULL,'muda_normal','2026-02-01',NULL),
  ('7c2bf0d6-b115-477d-81a2-8e5df04a2ff8','19d4522f-4b9e-4c47-8e2a-4725571c1153','4999e843-e81b-46c7-8d97-b46a702ac81f',820,'Citrumelo Swingle','Americana','muda_normal','2025-12-01',NULL),
  ('4c98dec3-5a7f-41c7-8426-de921a3572bf','19d4522f-4b9e-4c47-8e2a-4725571c1153','4999e843-e81b-46c7-8d97-b46a702ac81f',390,'Citrumelo Swingle',NULL,'muda_normal','2026-01-01',NULL),
  ('e80768a9-11e7-4ac8-927a-70dee953c938','72a45760-119a-4ef3-9864-4b5a4e2af2e0','4999e843-e81b-46c7-8d97-b46a702ac81f',744,'Citrandarin 1710','Pera IAC','muda_normal','2025-12-01',NULL),
  ('811c40c4-ae7d-402d-b812-2599d73e2276','72a45760-119a-4ef3-9864-4b5a4e2af2e0','4999e843-e81b-46c7-8d97-b46a702ac81f',528,'Citrandarin 1710','Pera IAC','muda_normal','2025-09-01',NULL),
  ('b291bde2-8d6f-48d6-9868-b31ba6b2f980','8192fa96-7304-486e-a89c-7e82d250ab45','4999e843-e81b-46c7-8d97-b46a702ac81f',1200,'Citrumelo Swingle',NULL,'muda_normal','2026-01-01',NULL),
  ('36110d53-15b4-4cc4-81db-8dfe3aa0fb9c','c1427ed0-e9cb-440c-b600-7d8f6ff04f19','4999e843-e81b-46c7-8d97-b46a702ac81f',1224,'Citrumelo Swingle',NULL,'muda_normal','2026-02-01',NULL),
  ('a60158e5-b358-4297-80d5-7a14f797e870','a6e52ca5-7f91-45f9-a625-3b4f891df2a0','4999e843-e81b-46c7-8d97-b46a702ac81f',1230,'Citrumelo Swingle',NULL,'muda_normal','2026-02-01',NULL),
  ('b9c7d82b-d03b-4cd6-b69b-da1b7299d88b','6a8a0ad9-4499-441d-9606-410c7b290a6b','4999e843-e81b-46c7-8d97-b46a702ac81f',1224,'Citrumelo Swingle',NULL,'muda_normal','2026-02-01',NULL),
  ('90be2ce6-1b57-46cf-a3d6-ce12dd494d94','7408fb45-a1ee-4932-923e-9ba260c35362','4999e843-e81b-46c7-8d97-b46a702ac81f',650,'Citrumelo Swingle','Americana','muda_normal','2025-12-01',NULL),
  ('7bb9a499-9bb0-40a7-be8c-750b88e49472','7408fb45-a1ee-4932-923e-9ba260c35362','4999e843-e81b-46c7-8d97-b46a702ac81f',600,'Citrumelo Swingle','Americana','muda_normal','2025-11-01',NULL),
  ('e83415bc-59f4-4704-bb7f-91eaba6ac705','28ac36d0-cff5-459c-85ee-cf65740c6bfc','4999e843-e81b-46c7-8d97-b46a702ac81f',1236,'Citrandarin 1710',NULL,'muda_normal','2026-02-01',NULL),
  ('3efca01d-2b28-41db-867f-1ca08fec70b4','dcb59253-45fd-451e-90ba-f235e97220a3','4999e843-e81b-46c7-8d97-b46a702ac81f',1217,'Citrandarin 1710','Pera IAC','muda_normal','2025-12-01',NULL),
  ('975c9366-b07f-40f1-8a83-8f8fc60e440b','65988814-4d08-4893-8e73-5e7b52ed3696','4999e843-e81b-46c7-8d97-b46a702ac81f',1254,'Citrandarin 1710','Pera IAC','muda_normal','2025-09-01',NULL),
  ('01fce3d7-ab8d-4916-89e5-1bc147364742','68df3024-249e-4fd1-978f-f756d8013a38','4999e843-e81b-46c7-8d97-b46a702ac81f',1254,'Citrandarin 1710','Pera IAC','muda_normal','2025-09-01',NULL),
  ('a26330b7-b15b-4d0f-9e08-73c6accd5d6f','dfc4ee0d-de0c-47be-8046-ebf71e77f635','4999e843-e81b-46c7-8d97-b46a702ac81f',800,'Citrumelo Swingle',NULL,'muda_normal','2025-08-01',NULL),
  ('f28241a2-cea4-419f-9b8a-03156a49544a','f1646e47-055c-4dc6-8d74-ca6f336cdf7e','4999e843-e81b-46c7-8d97-b46a702ac81f',804,'Citrumelo Swingle',NULL,'muda_normal','2026-05-01',NULL),
  ('7b897904-e6dd-4818-86de-e0431b0e93ff','819dc02e-5fc2-4056-bdf4-c8be25f28dcb','4999e843-e81b-46c7-8d97-b46a702ac81f',1452,'Limão Cravo',NULL,'muda_normal','2025-11-01',NULL),
  ('9cc1169e-e0cb-4fe9-b2af-ae4ec7f76daa','87a1f913-df83-4997-a088-5eb8be342f5a','4999e843-e81b-46c7-8d97-b46a702ac81f',1452,'Limão Cravo',NULL,'muda_normal','2025-11-01',NULL),
  ('4d7ec714-678a-4dd4-b0e5-05748efe4213','e385a585-0b10-4f15-a3d7-e994f3894733','4999e843-e81b-46c7-8d97-b46a702ac81f',1100,'Citrumelo Swingle',NULL,'muda_normal','2026-02-01',NULL),
  ('ac74c068-92b1-4c98-8c0f-4ec55f72d008','732c1048-8c71-4070-8244-40cc9f615deb','4999e843-e81b-46c7-8d97-b46a702ac81f',660,'Citrumelo Swingle',NULL,'muda_normal','2026-02-01',NULL),
  ('b2decf72-2304-486d-9be9-f7049dcbbb56','3948a0d3-1018-433e-acb7-2836ce594968','4999e843-e81b-46c7-8d97-b46a702ac81f',1458,'Citrandarin 1710',NULL,'muda_normal','2026-01-01',NULL),
  ('430de95d-d320-4943-8bfc-8a67f2e59892','567f6116-a0ef-4d1d-93b5-f1eedbe555e3','4999e843-e81b-46c7-8d97-b46a702ac81f',850,'Citrumelo Swingle',NULL,'muda_normal','2025-08-01',NULL),
  ('39991478-c6e3-4897-b588-305911bc8971','567f6116-a0ef-4d1d-93b5-f1eedbe555e3','4999e843-e81b-46c7-8d97-b46a702ac81f',600,'Citrumelo Swingle','Rubi','muda_normal','2025-11-01',NULL),
  ('7bf312e4-4ab8-4b53-9876-f39345141546','59efdd49-fffb-4be3-8ddd-43afed6d71eb','4999e843-e81b-46c7-8d97-b46a702ac81f',978,'Citrumelo Swingle','Americana','muda_normal','2025-08-01',NULL),
  ('d4c34303-0863-423e-8571-84c8d88a46e5','59efdd49-fffb-4be3-8ddd-43afed6d71eb','4999e843-e81b-46c7-8d97-b46a702ac81f',498,'Citrumelo Swingle',NULL,'muda_normal','2025-11-01',NULL),
  ('2bcf19a1-c842-4ac7-ad50-4878d8569005','17f22dd5-faec-44da-9ad7-e434b54caffa','4999e843-e81b-46c7-8d97-b46a702ac81f',1020,'Citrumelo Swingle',NULL,'muda_normal','2026-05-01',NULL),
  ('7866a0da-3d4b-4d1c-921b-277d8b0270b4','4d26bdad-9ffd-40bb-a792-79fcb7075980','4999e843-e81b-46c7-8d97-b46a702ac81f',1460,'Citrandarin 1710',NULL,'muda_normal','2026-01-01',NULL),
  ('529a55c4-c220-450b-8fbc-ea7cfc0c8369','fe200ed8-23cd-4630-912c-fb7c9d78255d','4999e843-e81b-46c7-8d97-b46a702ac81f',1260,'Citrandarin 1710',NULL,'muda_normal','2025-05-06',NULL),
  ('64c62a68-965a-47b1-8ac0-0238b44f1a0c','3c5a1a98-420b-4188-a507-88c54c611fc7','4999e843-e81b-46c7-8d97-b46a702ac81f',252,'Citrandarin 1710',NULL,'muda_normal','2025-11-01',NULL),
  ('751cb55d-78e3-4c2e-87f8-77f171540149','d0ec33ff-aabb-4737-805b-b4d12001bad3','4999e843-e81b-46c7-8d97-b46a702ac81f',1470,'Citrandarin 1710',NULL,'muda_normal','2026-02-01',NULL),
  ('57155ced-6167-46f6-996a-347cdbfc9ad8','4e673b07-3fc7-482f-88d8-9383864e9d59','4999e843-e81b-46c7-8d97-b46a702ac81f',320,'Citrumelo Swingle','Ponkan','muda_normal','2025-12-01',NULL),
  ('fc9b1ea1-76ce-49af-9553-9593ee82b67b','4e673b07-3fc7-482f-88d8-9383864e9d59','4999e843-e81b-46c7-8d97-b46a702ac81f',1140,'Citrumelo Swingle',NULL,'muda_normal','2025-05-01',NULL),
  ('85228e91-a948-400d-8bc6-4cd6d65200be','42011ced-4ee8-45f6-9b41-196a78a4b3e9','4999e843-e81b-46c7-8d97-b46a702ac81f',240,'Citrumelo Swingle','Ponkan','muda_normal','2026-01-01',NULL),
  ('f493e710-74ab-4668-a2f6-04a8138416e5','42011ced-4ee8-45f6-9b41-196a78a4b3e9','4999e843-e81b-46c7-8d97-b46a702ac81f',1182,'Citrumelo Swingle',NULL,'muda_normal','2025-08-01',NULL),
  ('0ec10d14-ffe4-4c30-b977-3c182283848b','d257ff02-3bba-4db9-a945-5e656b2e063f','63fad81d-99a1-4615-b7d1-08c10153ce57',1224,'Citrumelo Swingle','Folha Murcha','muda_normal','2026-01-01',NULL),
  ('4a775b07-4951-473c-9611-7f677f591d8c','e7096e71-a389-4f4f-855b-3c48300ff405','63fad81d-99a1-4615-b7d1-08c10153ce57',1242,'Citrumelo Swingle','Americana','muda_normal','2026-01-01',NULL),
  ('ca803da8-c054-4b9d-8558-3e603dab65ea','e7db80b6-1d40-4b30-91d6-f59a8d7210a4','63fad81d-99a1-4615-b7d1-08c10153ce57',1206,'Citrumelo Swingle','Americana','muda_normal','2026-01-01',NULL),
  ('c761e692-603e-4d7f-ab1d-8b6171df6430','52443a6c-7c3b-4e81-86eb-3d4db0322ff9','63fad81d-99a1-4615-b7d1-08c10153ce57',1218,'Citrumelo Swingle','Americana','muda_normal','2026-01-01',NULL),
  ('464aab3e-1d09-47ba-8402-970af670b9bf','900841f6-cf60-487c-85a9-e373977e7bc2','63fad81d-99a1-4615-b7d1-08c10153ce57',600,'Citrumelo Swingle',NULL,'muda_normal','2026-02-01',NULL),
  ('b5c06065-22bc-4074-bd1b-0f8ff04288a1','2645d713-201b-44a4-ba3f-3bca622d886e','63fad81d-99a1-4615-b7d1-08c10153ce57',492,'Citrumelo Swingle',NULL,'muda_normal','2026-05-01',NULL),
  ('e795fa41-5207-4982-a3d2-425108c79d1e','f095f6be-ab87-4c18-b245-e20112c89b6b','63fad81d-99a1-4615-b7d1-08c10153ce57',606,'Citrumelo Swingle','Americana','muda_normal','2026-01-01',NULL),
  ('82f51d83-83a0-4b53-a9ad-8da3ed0c7f24','f095f6be-ab87-4c18-b245-e20112c89b6b','63fad81d-99a1-4615-b7d1-08c10153ce57',714,'Limão Cravo',NULL,'muda_normal','2025-07-01',NULL),
  ('1f71bda3-d1a2-4fbd-af9f-ec5330a39356','1fa0e95b-5007-4319-9330-452190cd33bc','8e1e2dd3-3008-4226-9f6f-fe81a000568c',828,'Citrumelo Swingle',NULL,'muda_normal','2026-01-01',NULL),
  ('c8d488dc-7f70-4ca8-b070-c8a4b5f89e32','d17027b8-9e08-4985-822f-6785bce3c633','8e1e2dd3-3008-4226-9f6f-fe81a000568c',480,'Limão Cravo',NULL,'muda_normal','2026-02-01',NULL),
  ('d0dffa10-fc1c-43d8-ad06-aebcb14efe15','3e87b7a3-b07c-4072-be28-7925c19151fc','8e1e2dd3-3008-4226-9f6f-fe81a000568c',870,'Limão Cravo',NULL,'muda_normal','2026-02-01',NULL),
  ('7fd2e3d3-585e-44f2-898a-079209b46595','dc8fd5ee-156b-43db-aeb3-7c55719e9a8e','8e1e2dd3-3008-4226-9f6f-fe81a000568c',1200,'Citrumelo Swingle',NULL,'muda_normal','2026-05-01',NULL),
  ('e37878e9-c973-4ee8-881c-2639ead769c8','38f14434-fb69-4d95-817d-ff9eaff9eda2','8e1e2dd3-3008-4226-9f6f-fe81a000568c',1212,'Citrumelo Swingle',NULL,'muda_normal','2026-05-01',NULL),
  ('16336bb7-b6df-4f2e-81ce-324de6d904fd','2d053e87-454f-447a-a402-a38b570a1946','8e1e2dd3-3008-4226-9f6f-fe81a000568c',990,'Limão Cravo',NULL,'muda_normal','2026-02-01',NULL),
  ('7d283cff-0b3b-4b7e-971b-e05d9e1e7880','1ce41432-d7cb-4404-a43f-8910494a1d82','8e1e2dd3-3008-4226-9f6f-fe81a000568c',770,'Limão Cravo',NULL,'muda_normal','2026-05-01',NULL),
  ('f72ee7eb-7f69-4268-91ae-2ef7df909aca','1ce41432-d7cb-4404-a43f-8910494a1d82','8e1e2dd3-3008-4226-9f6f-fe81a000568c',1200,'Limão Cravo',NULL,'muda_normal','2026-02-01',NULL),
  ('f5703b2e-29e0-4b06-99fd-a151e57e0005','06574412-95f9-4c3c-9b9b-0460aa390003','8e1e2dd3-3008-4226-9f6f-fe81a000568c',510,'Limão Cravo',NULL,'muda_normal','2026-05-01',NULL),
  ('7637b95b-206e-48d9-a750-671c5aa43a80','7f97f44d-f379-4f08-8ad9-3fb1d98ea731','8e1e2dd3-3008-4226-9f6f-fe81a000568c',1212,'Citrumelo Swingle','Piemonte BRS','muda_normal','2026-01-01',NULL),
  ('f1523ced-0262-4a79-b92f-03c3a0213dfb','c4651469-ba14-4479-a014-9310ad72f2ee','8e1e2dd3-3008-4226-9f6f-fe81a000568c',1176,'Citrumelo Swingle','Piemonte BRS','muda_normal','2026-01-01',NULL),
  ('efb6661a-49b8-4b0b-b8d8-939c1eb938d0','cc6346a4-0f99-45e7-b468-cc918b5a8d04','8e1e2dd3-3008-4226-9f6f-fe81a000568c',1284,'Citrumelo Swingle',NULL,'muda_normal','2026-01-01',NULL),
  ('651ddbee-625f-42fd-a76e-344f7497ff5c','893398b7-1b49-4eae-8780-657c88f211cd','8e1e2dd3-3008-4226-9f6f-fe81a000568c',1422,'Citrumelo Swingle',NULL,'muda_normal','2026-01-01',NULL),
  ('ab51e64f-9993-4524-996e-94969ad60110','ee16e1c5-0a07-4780-b474-0ea76fb7316d','8e1e2dd3-3008-4226-9f6f-fe81a000568c',1500,'Citrumelo Swingle',NULL,'muda_normal','2026-05-01',NULL),
  ('87010a78-db99-46b1-bf92-eea19f5fad8d','2766017d-9aa0-4e96-afab-a2fcf06d92a0','8e1e2dd3-3008-4226-9f6f-fe81a000568c',1470,'Citrumelo Swingle','Piemonte BRS','muda_normal','2026-01-01',NULL),
  ('2c8d86c8-9c5b-4320-a94c-871e958ef3a0','64d413c2-6506-462b-b202-c4bde3826e68','8e1e2dd3-3008-4226-9f6f-fe81a000568c',1500,'Citrumelo Swingle',NULL,'muda_normal','2026-05-01',NULL),
  ('67339cc3-5e13-4166-b034-8d44a867b720','dd5fa0d3-ecb0-4164-9ef0-4e7ae073aeaf','8e1e2dd3-3008-4226-9f6f-fe81a000568c',1500,'Citrumelo Swingle',NULL,'muda_normal','2026-05-01',NULL),
  ('ba6b52be-919a-4983-b923-a31717e60b6e','6a999676-500b-411e-aff5-6351b4178e27','8e1e2dd3-3008-4226-9f6f-fe81a000568c',1494,'Citrumelo Swingle','Ponkan','muda_normal','2026-01-01',NULL),
  ('38b265c5-4be5-4393-94ab-6511bcdccb0e','0a801db8-3a25-40b4-8169-924e1fc8cb14','8e1e2dd3-3008-4226-9f6f-fe81a000568c',1494,'Citrumelo Swingle','Americana','muda_normal','2026-01-01',NULL),
  ('e0c1482f-1e7c-489f-912c-0424f6474e87','aaa57611-46f2-45f5-a672-a14aaa9e6544','8e1e2dd3-3008-4226-9f6f-fe81a000568c',1536,'Limão Cravo',NULL,'muda_normal','2026-05-01',NULL),
  ('c0331c6e-edb8-4dd4-afe4-fdc67023d78b','93a75bf0-e280-44b7-85ec-7c9ff93509f4','8e1e2dd3-3008-4226-9f6f-fe81a000568c',1500,'Limão Cravo',NULL,'muda_normal','2026-03-01',NULL),
  ('44646c62-186d-46f6-9275-51a865e8eae8','c51d8337-58dc-4a22-9fe8-87e47bbe00ab','8e1e2dd3-3008-4226-9f6f-fe81a000568c',1500,'Limão Cravo',NULL,'muda_normal','2026-03-01',NULL),
  ('5c76eea3-58e4-41db-bb25-0f6fe89d2a04','d1815896-f5b7-4635-85da-74566b443c54','8e1e2dd3-3008-4226-9f6f-fe81a000568c',1500,'Limão Cravo',NULL,'muda_normal','2026-03-01',NULL),
  ('542946fe-58f9-4153-9d83-7089164ed430','fb788a67-61a7-482e-89bb-628eae2557fe','8e1e2dd3-3008-4226-9f6f-fe81a000568c',1440,'Citrumelo Swingle',NULL,'muda_normal','2026-05-01',NULL),
  ('16a65830-a6d4-48aa-8c05-a6da31a3a09a','5e311a7c-3e20-4b3d-9179-3db0d8f7b701','8e1e2dd3-3008-4226-9f6f-fe81a000568c',405,'Citrumelo Swingle',NULL,'muda_normal','2026-01-01',NULL),
  ('8d7f228c-7725-4ab9-93b7-d70539df6e7e','5e311a7c-3e20-4b3d-9179-3db0d8f7b701','8e1e2dd3-3008-4226-9f6f-fe81a000568c',1068,'Limão Cravo',NULL,'muda_normal','2026-02-01',NULL),
  ('f0f9e89a-06cd-4554-bdf2-3881cf3cd8bb','2f0fc534-386e-4089-977f-d6bda0230ab0','8e1e2dd3-3008-4226-9f6f-fe81a000568c',1434,'Citrumelo Swingle',NULL,'muda_normal','2026-01-01',NULL),
  ('1b70123d-2e26-4a3b-8d6f-81e027aa609d','3b6d1a8c-1f58-4e52-a04b-4b078c92c4b4','8e1e2dd3-3008-4226-9f6f-fe81a000568c',1470,'Limão Cravo',NULL,'muda_normal','2026-01-01',NULL),
  ('55b83a78-569f-45c2-9e22-d1ec77dff95b','37378996-cfc4-4f4f-8f87-cab22c473786','8e1e2dd3-3008-4226-9f6f-fe81a000568c',1470,'Limão Cravo',NULL,'muda_normal','2026-01-01',NULL),
  ('69da4b5a-5f46-49c9-bbe0-de0b89b7e2f2','1ba4d1be-c9ca-462a-87ec-1ef3e24fcf7a','63fad81d-99a1-4615-b7d1-08c10153ce57',858,'Limão Cravo','Murcote','muda_normal','2025-06-01',NULL),
  ('9c68f60b-7657-43a4-8ebf-a3a10c1051bb','7bf40a75-080c-43c8-9f8d-734379cf3741','63fad81d-99a1-4615-b7d1-08c10153ce57',1422,'Citrumelo Swingle',NULL,'muda_normal','2025-06-01',NULL),
  ('88c6b6de-0590-4f44-b854-7be3b89c049f','0be88dc1-e753-43cb-a938-ff3072cde97e','63fad81d-99a1-4615-b7d1-08c10153ce57',1488,'Citrumelo Swingle','Valência','muda_normal','2025-05-01',NULL),
  ('c8528b25-bb36-499c-80cc-e4ff99d519a8','365de3c2-1d1b-4c25-916d-356ca4d4eba2','63fad81d-99a1-4615-b7d1-08c10153ce57',580,'Citrumelo Swingle',NULL,'muda_normal','2026-02-01',NULL),
  ('a20495b7-e161-4d8d-8685-8eed08bd651e','e9ec6bf4-d87e-4245-ac97-133afacc19bb','63fad81d-99a1-4615-b7d1-08c10153ce57',870,'Citrumelo Swingle','Folha Murcha','muda_normal','2026-01-01',NULL),
  ('13c39a1b-524d-43c6-a3f7-c86178d400d8','3d2c5120-25ed-4058-a3c4-9094aedbc2cc','63fad81d-99a1-4615-b7d1-08c10153ce57',1122,'Citrumelo Swingle',NULL,'muda_normal','2025-06-01',NULL),
  ('da8562cd-c348-493a-ab44-863e68e804ec','9f1720d0-fc87-474c-9d93-5cffe37ed593','63fad81d-99a1-4615-b7d1-08c10153ce57',1488,'Citrumelo Swingle',NULL,'muda_normal','2025-05-01',NULL);

-- 5. PRECOS POR SITIO
INSERT INTO public.precos_sitio (id, sitio, valor_total, valor_final, vigencia_inicio) VALUES
  ('5d4cef99-475c-45f1-85eb-fa9b921f60c0','sao_jose',1.3,0.15,'2024-01-01'),
  ('4de11d61-2933-404f-8120-a96e3acb3459','bela_vista',1.35,0.15,'2024-01-01'),
  ('fec4d252-cd30-4d34-8f00-02ff5676003a','santo_antonio',1.35,0.15,'2024-01-01');

-- ============================================================
-- DEPOIS DO PRIMEIRO LOGIN, virar admin com:
--   UPDATE public.user_profiles SET role='admin' WHERE email='SEU_EMAIL@gmail.com';
-- ============================================================